provincia_id,provincia_nombre,departamento_id,departamento_nombre,matricula_estado,trayectoria_estado,caracteristicas_estado,tipo_match,observaciones
02,Ciudad Autónoma de Buenos Aires,02007,Comuna 1,directo,directo,directo,directo,Nombre RA correspondiente por normalización determinística.
02,Ciudad Autónoma de Buenos Aires,02014,Comuna 2,directo,directo,directo,directo,Nombre RA correspondiente por normalización determinística.
02,Ciudad Autónoma de Buenos Aires,02021,Comuna 3,directo,directo,directo,directo,Nombre RA correspondiente por normalización determinística.
02,Ciudad Autónoma de Buenos Aires,02028,Comuna 4,directo,directo,directo,directo,Nombre RA correspondiente por normalización determinística.
02,Ciudad Autónoma de Buenos Aires,02035,Comuna 5,directo,directo,directo,directo,Nombre RA correspondiente por normalización determinística.
02,Ciudad Autónoma de Buenos Aires,02042,Comuna 6,directo,directo,directo,directo,Nombre RA correspondiente por normalización determinística.
02,Ciudad Autónoma de Buenos Aires,02049,Comuna 7,directo,directo,directo,directo,Nombre RA correspondiente por normalización determinística.
02,Ciudad Autónoma de Buenos Aires,02056,Comuna 8,directo,directo,directo,directo,Nombre RA correspondiente por normalización determinística.
02,Ciudad Autónoma de Buenos Aires,02063,Comuna 9,directo,directo,directo,directo,Nombre RA correspondiente por normalización determinística.
02,Ciudad Autónoma de Buenos Aires,02070,Comuna 10,directo,directo,directo,directo,Nombre RA correspondiente por normalización determinística.
02,Ciudad Autónoma de Buenos Aires,02077,Comuna 11,directo,directo,directo,directo,Nombre RA correspondiente por normalización determinística.
02,Ciudad Autónoma de Buenos Aires,02084,Comuna 12,directo,directo,directo,directo,Nombre RA correspondiente por normalización determinística.
02,Ciudad Autónoma de Buenos Aires,02091,Comuna 13,directo,directo,directo,directo,Nombre RA correspondiente por normalización determinística.
02,Ciudad Autónoma de Buenos Aires,02098,Comuna 14,directo,directo,directo,directo,Nombre RA correspondiente por normalización determinística.
02,Ciudad Autónoma de Buenos Aires,02105,Comuna 15,directo,directo,directo,directo,Nombre RA correspondiente por normalización determinística.
06,Buenos Aires,06007,Adolfo Alsina,directo,directo,directo,directo,Nombre RA correspondiente por normalización determinística.
06,Buenos Aires,06014,Adolfo Gonzales Chaves,directo,directo,directo,directo,Nombre RA correspondiente por normalización determinística.
06,Buenos Aires,06021,Alberti,directo,directo,directo,directo,Nombre RA correspondiente por normalización determinística.
06,Buenos Aires,06028,Almirante Brown,directo,directo,directo,directo,Nombre RA correspondiente por normalización determinística.
06,Buenos Aires,06035,Avellaneda,directo,directo,directo,directo,Nombre RA correspondiente por normalización determinística.
06,Buenos Aires,06042,Ayacucho,directo,directo,directo,directo,Nombre RA correspondiente por normalización determinística.
06,Buenos Aires,06049,Azul,directo,directo,directo,directo,Nombre RA correspondiente por normalización determinística.
06,Buenos Aires,06056,Bahía Blanca,directo,directo,directo,directo,Nombre RA correspondiente por normalización determinística.
06,Buenos Aires,06063,Balcarce,directo,directo,directo,directo,Nombre RA correspondiente por normalización determinística.
06,Buenos Aires,06070,Baradero,directo,directo,directo,directo,Nombre RA correspondiente por normalización determinística.
06,Buenos Aires,06077,Arrecifes,directo,directo,directo,directo,Nombre RA correspondiente por normalización determinística.
06,Buenos Aires,06084,Benito Juárez,directo,directo,directo,directo,Nombre RA correspondiente por normalización determinística.
06,Buenos Aires,06091,Berazategui,directo,directo,directo,directo,Nombre RA correspondiente por normalización determinística.
06,Buenos Aires,06098,Berisso,directo,directo,directo,directo,Nombre RA correspondiente por normalización determinística.
06,Buenos Aires,06105,Bolívar,directo,directo,directo,directo,Nombre RA correspondiente por normalización determinística.
06,Buenos Aires,06112,Bragado,directo,directo,directo,directo,Nombre RA correspondiente por normalización determinística.
06,Buenos Aires,06119,Brandsen,directo,directo,directo,directo,Nombre RA correspondiente por normalización determinística.
06,Buenos Aires,06126,Campana,directo,directo,directo,directo,Nombre RA correspondiente por normalización determinística.
06,Buenos Aires,06134,Cañuelas,directo,directo,directo,directo,Nombre RA correspondiente por normalización determinística.
06,Buenos Aires,06140,Capitán Sarmiento,directo,directo,directo,directo,Nombre RA correspondiente por normalización determinística.
06,Buenos Aires,06147,Carlos Casares,directo,directo,directo,directo,Nombre RA correspondiente por normalización determinística.
06,Buenos Aires,06154,Carlos Tejedor,directo,directo,directo,directo,Nombre RA correspondiente por normalización determinística.
06,Buenos Aires,06161,Carmen de Areco,directo,directo,directo,directo,Nombre RA correspondiente por normalización determinística.
06,Buenos Aires,06168,Castelli,directo,directo,directo,directo,Nombre RA correspondiente por normalización determinística.
06,Buenos Aires,06175,Colón,directo,directo,directo,directo,Nombre RA correspondiente por normalización determinística.
06,Buenos Aires,06182,Coronel de Marina Leonardo Rosales,por_verificar,por_verificar,por_verificar,por_verificar,Variante nominal sin evidencia oficial suficiente; no se asigna ID en los datos preparados.
06,Buenos Aires,06189,Coronel Dorrego,directo,directo,directo,directo,Nombre RA correspondiente por normalización determinística.
06,Buenos Aires,06196,Coronel Pringles,directo,directo,directo,directo,Nombre RA correspondiente por normalización determinística.
06,Buenos Aires,06203,Coronel Suárez,directo,directo,directo,directo,Nombre RA correspondiente por normalización determinística.
06,Buenos Aires,06210,Chacabuco,directo,directo,directo,directo,Nombre RA correspondiente por normalización determinística.
06,Buenos Aires,06218,Chascomús,directo,directo,directo,directo,Nombre RA correspondiente por normalización determinística.
06,Buenos Aires,06224,Chivilcoy,directo,directo,directo,directo,Nombre RA correspondiente por normalización determinística.
06,Buenos Aires,06231,Daireaux,directo,directo,directo,directo,Nombre RA correspondiente por normalización determinística.
06,Buenos Aires,06238,Dolores,directo,directo,directo,directo,Nombre RA correspondiente por normalización determinística.
06,Buenos Aires,06245,Ensenada,directo,directo,directo,directo,Nombre RA correspondiente por normalización determinística.
06,Buenos Aires,06252,Escobar,directo,directo,directo,directo,Nombre RA correspondiente por normalización determinística.
06,Buenos Aires,06260,Esteban Echeverría,directo,directo,directo,directo,Nombre RA correspondiente por normalización determinística.
06,Buenos Aires,06266,Exaltación de la Cruz,directo,directo,directo,directo,Nombre RA correspondiente por normalización determinística.
06,Buenos Aires,06270,Ezeiza,directo,directo,directo,directo,Nombre RA correspondiente por normalización determinística.
06,Buenos Aires,06274,Florencio Varela,directo,directo,directo,directo,Nombre RA correspondiente por normalización determinística.
06,Buenos Aires,06277,Florentino Ameghino,directo,directo,directo,directo,Nombre RA correspondiente por normalización determinística.
06,Buenos Aires,06280,General Alvarado,directo,directo,directo,directo,Nombre RA correspondiente por normalización determinística.
06,Buenos Aires,06287,General Alvear,directo,directo,directo,directo,Nombre RA correspondiente por normalización determinística.
06,Buenos Aires,06294,General Arenales,directo,directo,directo,directo,Nombre RA correspondiente por normalización determinística.
06,Buenos Aires,06301,General Belgrano,directo,directo,directo,directo,Nombre RA correspondiente por normalización determinística.
06,Buenos Aires,06308,General Guido,directo,directo,directo,directo,Nombre RA correspondiente por normalización determinística.
06,Buenos Aires,06315,General Juan Madariaga,directo,directo,directo,directo,Nombre RA correspondiente por normalización determinística.
06,Buenos Aires,06322,General La Madrid,directo,directo,directo,directo,Nombre RA correspondiente por normalización determinística.
06,Buenos Aires,06329,General Las Heras,directo,directo,directo,directo,Nombre RA correspondiente por normalización determinística.
06,Buenos Aires,06336,General Lavalle,directo,directo,directo,directo,Nombre RA correspondiente por normalización determinística.
06,Buenos Aires,06343,General Paz,directo,directo,directo,directo,Nombre RA correspondiente por normalización determinística.
06,Buenos Aires,06351,General Pinto,directo,directo,directo,directo,Nombre RA correspondiente por normalización determinística.
06,Buenos Aires,06357,General Pueyrredón,directo,directo,directo,directo,Nombre RA correspondiente por normalización determinística.
06,Buenos Aires,06364,General Rodríguez,directo,directo,directo,directo,Nombre RA correspondiente por normalización determinística.
06,Buenos Aires,06371,General San Martín,directo,directo,directo,directo,Nombre RA correspondiente por normalización determinística.
06,Buenos Aires,06385,General Viamonte,directo,directo,directo,directo,Nombre RA correspondiente por normalización determinística.
06,Buenos Aires,06392,General Villegas,directo,directo,directo,directo,Nombre RA correspondiente por normalización determinística.
06,Buenos Aires,06399,Guaminí,directo,directo,directo,directo,Nombre RA correspondiente por normalización determinística.
06,Buenos Aires,06406,Hipólito Yrigoyen,directo,directo,directo,directo,Nombre RA correspondiente por normalización determinística.
06,Buenos Aires,06408,Hurlingham,directo,directo,directo,directo,Nombre RA correspondiente por normalización determinística.
06,Buenos Aires,06410,Ituzaingó,directo,directo,directo,directo,Nombre RA correspondiente por normalización determinística.
06,Buenos Aires,06412,José C. Paz,directo,directo,directo,directo,Nombre RA correspondiente por normalización determinística.
06,Buenos Aires,06413,Junín,directo,directo,directo,directo,Nombre RA correspondiente por normalización determinística.
06,Buenos Aires,06420,La Costa,directo,directo,directo,directo,Nombre RA correspondiente por normalización determinística.
06,Buenos Aires,06427,La Matanza,directo,directo,directo,directo,Nombre RA correspondiente por normalización determinística.
06,Buenos Aires,06434,Lanús,directo,directo,directo,directo,Nombre RA correspondiente por normalización determinística.
06,Buenos Aires,06441,La Plata,directo,directo,directo,directo,Nombre RA correspondiente por normalización determinística.
06,Buenos Aires,06448,Laprida,directo,directo,directo,directo,Nombre RA correspondiente por normalización determinística.
06,Buenos Aires,06455,Las Flores,directo,directo,directo,directo,Nombre RA correspondiente por normalización determinística.
06,Buenos Aires,06462,Leandro N. Alem,directo,directo,directo,directo,Nombre RA correspondiente por normalización determinística.
06,Buenos Aires,06466,Lezama,directo,directo,directo,directo,Nombre RA correspondiente por normalización determinística.
06,Buenos Aires,06469,Lincoln,directo,directo,directo,directo,Nombre RA correspondiente por normalización determinística.
06,Buenos Aires,06476,Lobería,directo,directo,directo,directo,Nombre RA correspondiente por normalización determinística.
06,Buenos Aires,06483,Lobos,directo,directo,directo,directo,Nombre RA correspondiente por normalización determinística.
06,Buenos Aires,06490,Lomas de Zamora,directo,directo,directo,directo,Nombre RA correspondiente por normalización determinística.
06,Buenos Aires,06497,Luján,directo,directo,directo,directo,Nombre RA correspondiente por normalización determinística.
06,Buenos Aires,06505,Magdalena,directo,directo,directo,directo,Nombre RA correspondiente por normalización determinística.
06,Buenos Aires,06511,Maipú,directo,directo,directo,directo,Nombre RA correspondiente por normalización determinística.
06,Buenos Aires,06515,Malvinas Argentinas,directo,directo,directo,directo,Nombre RA correspondiente por normalización determinística.
06,Buenos Aires,06518,Mar Chiquita,directo,directo,directo,directo,Nombre RA correspondiente por normalización determinística.
06,Buenos Aires,06525,Marcos Paz,directo,directo,directo,directo,Nombre RA correspondiente por normalización determinística.
06,Buenos Aires,06532,Mercedes,directo,directo,directo,directo,Nombre RA correspondiente por normalización determinística.
06,Buenos Aires,06539,Merlo,directo,directo,directo,directo,Nombre RA correspondiente por normalización determinística.
06,Buenos Aires,06547,Monte,directo,directo,directo,directo,Nombre RA correspondiente por normalización determinística.
06,Buenos Aires,06553,Monte Hermoso,directo,directo,directo,directo,Nombre RA correspondiente por normalización determinística.
06,Buenos Aires,06560,Moreno,directo,directo,directo,directo,Nombre RA correspondiente por normalización determinística.
06,Buenos Aires,06568,Morón,directo,directo,directo,directo,Nombre RA correspondiente por normalización determinística.
06,Buenos Aires,06574,Navarro,directo,directo,directo,directo,Nombre RA correspondiente por normalización determinística.
06,Buenos Aires,06581,Necochea,directo,directo,directo,directo,Nombre RA correspondiente por normalización determinística.
06,Buenos Aires,06588,9 de Julio,directo,directo,directo,directo,Nombre RA correspondiente por normalización determinística.
06,Buenos Aires,06595,Olavarría,directo,directo,directo,directo,Nombre RA correspondiente por normalización determinística.
06,Buenos Aires,06602,Patagones,directo,directo,directo,directo,Nombre RA correspondiente por normalización determinística.
06,Buenos Aires,06609,Pehuajó,directo,directo,directo,directo,Nombre RA correspondiente por normalización determinística.
06,Buenos Aires,06616,Pellegrini,directo,directo,directo,directo,Nombre RA correspondiente por normalización determinística.
06,Buenos Aires,06623,Pergamino,directo,directo,directo,directo,Nombre RA correspondiente por normalización determinística.
06,Buenos Aires,06630,Pila,directo,directo,directo,directo,Nombre RA correspondiente por normalización determinística.
06,Buenos Aires,06638,Pilar,directo,directo,directo,directo,Nombre RA correspondiente por normalización determinística.
06,Buenos Aires,06644,Pinamar,directo,directo,directo,directo,Nombre RA correspondiente por normalización determinística.
06,Buenos Aires,06648,Presidente Perón,directo,directo,directo,directo,Nombre RA correspondiente por normalización determinística.
06,Buenos Aires,06651,Puán,directo,directo,directo,directo,Nombre RA correspondiente por normalización determinística.
06,Buenos Aires,06655,Punta Indio,directo,directo,directo,directo,Nombre RA correspondiente por normalización determinística.
06,Buenos Aires,06658,Quilmes,directo,directo,directo,directo,Nombre RA correspondiente por normalización determinística.
06,Buenos Aires,06665,Ramallo,directo,directo,directo,directo,Nombre RA correspondiente por normalización determinística.
06,Buenos Aires,06672,Rauch,directo,directo,directo,directo,Nombre RA correspondiente por normalización determinística.
06,Buenos Aires,06679,Rivadavia,directo,directo,directo,directo,Nombre RA correspondiente por normalización determinística.
06,Buenos Aires,06686,Rojas,directo,directo,directo,directo,Nombre RA correspondiente por normalización determinística.
06,Buenos Aires,06693,Roque Pérez,directo,directo,directo,directo,Nombre RA correspondiente por normalización determinística.
06,Buenos Aires,06700,Saavedra,directo,directo,directo,directo,Nombre RA correspondiente por normalización determinística.
06,Buenos Aires,06707,Saladillo,directo,directo,directo,directo,Nombre RA correspondiente por normalización determinística.
06,Buenos Aires,06714,Salto,directo,directo,directo,directo,Nombre RA correspondiente por normalización determinística.
06,Buenos Aires,06721,Salliqueló,directo,directo,directo,directo,Nombre RA correspondiente por normalización determinística.
06,Buenos Aires,06728,San Andrés de Giles,directo,directo,directo,directo,Nombre RA correspondiente por normalización determinística.
06,Buenos Aires,06735,San Antonio de Areco,directo,directo,directo,directo,Nombre RA correspondiente por normalización determinística.
06,Buenos Aires,06742,San Cayetano,directo,directo,directo,directo,Nombre RA correspondiente por normalización determinística.
06,Buenos Aires,06749,San Fernando,directo,directo,directo,directo,Nombre RA correspondiente por normalización determinística.
06,Buenos Aires,06756,San Isidro,directo,directo,directo,directo,Nombre RA correspondiente por normalización determinística.
06,Buenos Aires,06760,San Miguel,directo,directo,directo,directo,Nombre RA correspondiente por normalización determinística.
06,Buenos Aires,06763,San Nicolás,directo,directo,directo,directo,Nombre RA correspondiente por normalización determinística.
06,Buenos Aires,06770,San Pedro,directo,directo,directo,directo,Nombre RA correspondiente por normalización determinística.
06,Buenos Aires,06778,San Vicente,directo,directo,directo,directo,Nombre RA correspondiente por normalización determinística.
06,Buenos Aires,06784,Suipacha,directo,directo,directo,directo,Nombre RA correspondiente por normalización determinística.
06,Buenos Aires,06791,Tandil,directo,directo,directo,directo,Nombre RA correspondiente por normalización determinística.
06,Buenos Aires,06798,Tapalqué,directo,directo,directo,directo,Nombre RA correspondiente por normalización determinística.
06,Buenos Aires,06805,Tigre,directo,directo,directo,directo,Nombre RA correspondiente por normalización determinística.
06,Buenos Aires,06812,Tordillo,directo,directo,directo,directo,Nombre RA correspondiente por normalización determinística.
06,Buenos Aires,06819,Tornquist,directo,directo,directo,directo,Nombre RA correspondiente por normalización determinística.
06,Buenos Aires,06826,Trenque Lauquen,directo,directo,directo,directo,Nombre RA correspondiente por normalización determinística.
06,Buenos Aires,06833,Tres Arroyos,directo,directo,directo,directo,Nombre RA correspondiente por normalización determinística.
06,Buenos Aires,06840,Tres de Febrero,directo,directo,directo,directo,Nombre RA correspondiente por normalización determinística.
06,Buenos Aires,06847,Tres Lomas,directo,directo,directo,directo,Nombre RA correspondiente por normalización determinística.
06,Buenos Aires,06854,25 de Mayo,directo,directo,directo,directo,Nombre RA correspondiente por normalización determinística.
06,Buenos Aires,06861,Vicente López,directo,directo,directo,directo,Nombre RA correspondiente por normalización determinística.
06,Buenos Aires,06868,Villa Gesell,directo,directo,directo,directo,Nombre RA correspondiente por normalización determinística.
06,Buenos Aires,06875,Villarino,directo,directo,directo,directo,Nombre RA correspondiente por normalización determinística.
06,Buenos Aires,06882,Zárate,directo,directo,directo,directo,Nombre RA correspondiente por normalización determinística.
10,Catamarca,10007,Ambato,directo,directo,directo,directo,Nombre RA correspondiente por normalización determinística.
10,Catamarca,10014,Ancasti,directo,directo,directo,directo,Nombre RA correspondiente por normalización determinística.
10,Catamarca,10021,Andalgalá,directo,directo,directo,directo,Nombre RA correspondiente por normalización determinística.
10,Catamarca,10028,Antofagasta de la Sierra,directo,directo,directo,directo,Nombre RA correspondiente por normalización determinística.
10,Catamarca,10035,Belén,directo,directo,directo,directo,Nombre RA correspondiente por normalización determinística.
10,Catamarca,10042,Capayán,directo,directo,directo,directo,Nombre RA correspondiente por normalización determinística.
10,Catamarca,10049,Capital,directo,directo,directo,directo,Nombre RA correspondiente por normalización determinística.
10,Catamarca,10056,El Alto,directo,directo,directo,directo,Nombre RA correspondiente por normalización determinística.
10,Catamarca,10063,Fray Mamerto Esquiú,directo,directo,directo,directo,Nombre RA correspondiente por normalización determinística.
10,Catamarca,10070,La Paz,directo,directo,directo,directo,Nombre RA correspondiente por normalización determinística.
10,Catamarca,10077,Paclín,directo,directo,directo,directo,Nombre RA correspondiente por normalización determinística.
10,Catamarca,10084,Pomán,directo,directo,directo,directo,Nombre RA correspondiente por normalización determinística.
10,Catamarca,10091,Santa María,directo,directo,directo,directo,Nombre RA correspondiente por normalización determinística.
10,Catamarca,10098,Santa Rosa,directo,directo,directo,directo,Nombre RA correspondiente por normalización determinística.
10,Catamarca,10105,Tinogasta,directo,directo,directo,directo,Nombre RA correspondiente por normalización determinística.
10,Catamarca,10112,Valle Viejo,directo,directo,directo,directo,Nombre RA correspondiente por normalización determinística.
14,Córdoba,14007,Calamuchita,directo,directo,directo,directo,Nombre RA correspondiente por normalización determinística.
14,Córdoba,14014,Capital,directo,directo,directo,directo,Nombre RA correspondiente por normalización determinística.
14,Córdoba,14021,Colón,directo,directo,directo,directo,Nombre RA correspondiente por normalización determinística.
14,Córdoba,14028,Cruz del Eje,directo,directo,directo,directo,Nombre RA correspondiente por normalización determinística.
14,Córdoba,14035,General Roca,directo,directo,directo,directo,Nombre RA correspondiente por normalización determinística.
14,Córdoba,14042,General San Martín,directo,directo,directo,directo,Nombre RA correspondiente por normalización determinística.
14,Córdoba,14049,Ischilín,directo,directo,directo,directo,Nombre RA correspondiente por normalización determinística.
14,Córdoba,14056,Juárez Celman,directo,directo,directo,directo,Nombre RA correspondiente por normalización determinística.
14,Córdoba,14063,Marcos Juárez,directo,directo,directo,directo,Nombre RA correspondiente por normalización determinística.
14,Córdoba,14070,Minas,directo,directo,directo,directo,Nombre RA correspondiente por normalización determinística.
14,Córdoba,14077,Pocho,directo,directo,directo,directo,Nombre RA correspondiente por normalización determinística.
14,Córdoba,14084,Presidente Roque Sáenz Peña,directo,directo,directo,directo,Nombre RA correspondiente por normalización determinística.
14,Córdoba,14091,Punilla,directo,directo,directo,directo,Nombre RA correspondiente por normalización determinística.
14,Córdoba,14098,Río Cuarto,directo,directo,directo,directo,Nombre RA correspondiente por normalización determinística.
14,Córdoba,14105,Río Primero,directo,directo,directo,directo,Nombre RA correspondiente por normalización determinística.
14,Córdoba,14112,Río Seco,directo,directo,directo,directo,Nombre RA correspondiente por normalización determinística.
14,Córdoba,14119,Río Segundo,directo,directo,directo,directo,Nombre RA correspondiente por normalización determinística.
14,Córdoba,14126,San Alberto,directo,directo,directo,directo,Nombre RA correspondiente por normalización determinística.
14,Córdoba,14133,San Javier,directo,directo,directo,directo,Nombre RA correspondiente por normalización determinística.
14,Córdoba,14140,San Justo,directo,directo,directo,directo,Nombre RA correspondiente por normalización determinística.
14,Córdoba,14147,Santa María,directo,directo,directo,directo,Nombre RA correspondiente por normalización determinística.
14,Córdoba,14154,Sobremonte,no_representado,no_representado,no_representado,no_representado,Sin registro identificable; no equivale a valor cero.
14,Córdoba,14161,Tercero Arriba,directo,directo,directo,directo,Nombre RA correspondiente por normalización determinística.
14,Córdoba,14168,Totoral,directo,directo,directo,directo,Nombre RA correspondiente por normalización determinística.
14,Córdoba,14175,Tulumba,directo,directo,directo,directo,Nombre RA correspondiente por normalización determinística.
14,Córdoba,14182,Unión,directo,directo,directo,directo,Nombre RA correspondiente por normalización determinística.
18,Corrientes,18007,Bella Vista,directo,directo,directo,directo,Nombre RA correspondiente por normalización determinística.
18,Corrientes,18014,Berón de Astrada,no_representado,no_representado,no_representado,no_representado,Sin registro identificable; no equivale a valor cero.
18,Corrientes,18021,Capital,directo,directo,directo,directo,Nombre RA correspondiente por normalización determinística.
18,Corrientes,18028,Concepción,directo,directo,directo,directo,Nombre RA correspondiente por normalización determinística.
18,Corrientes,18035,Curuzú Cuatiá,directo,directo,directo,directo,Nombre RA correspondiente por normalización determinística.
18,Corrientes,18042,Empedrado,directo,directo,directo,directo,Nombre RA correspondiente por normalización determinística.
18,Corrientes,18049,Esquina,directo,directo,directo,directo,Nombre RA correspondiente por normalización determinística.
18,Corrientes,18056,General Alvear,directo,directo,directo,directo,Nombre RA correspondiente por normalización determinística.
18,Corrientes,18063,General Paz,directo,directo,directo,directo,Nombre RA correspondiente por normalización determinística.
18,Corrientes,18070,Goya,directo,directo,directo,directo,Nombre RA correspondiente por normalización determinística.
18,Corrientes,18077,Itatí,directo,directo,directo,directo,Nombre RA correspondiente por normalización determinística.
18,Corrientes,18084,Ituzaingó,directo,directo,directo,directo,Nombre RA correspondiente por normalización determinística.
18,Corrientes,18091,Lavalle,directo,directo,directo,directo,Nombre RA correspondiente por normalización determinística.
18,Corrientes,18098,Mburucuyá,directo,directo,directo,directo,Nombre RA correspondiente por normalización determinística.
18,Corrientes,18105,Mercedes,directo,directo,directo,directo,Nombre RA correspondiente por normalización determinística.
18,Corrientes,18112,Monte Caseros,directo,directo,directo,directo,Nombre RA correspondiente por normalización determinística.
18,Corrientes,18119,Paso de los Libres,directo,directo,directo,directo,Nombre RA correspondiente por normalización determinística.
18,Corrientes,18126,Saladas,directo,directo,directo,directo,Nombre RA correspondiente por normalización determinística.
18,Corrientes,18133,San Cosme,directo,directo,directo,directo,Nombre RA correspondiente por normalización determinística.
18,Corrientes,18140,San Luis del Palmar,directo,directo,directo,directo,Nombre RA correspondiente por normalización determinística.
18,Corrientes,18147,San Martín,directo,directo,directo,directo,Nombre RA correspondiente por normalización determinística.
18,Corrientes,18154,San Miguel,directo,directo,directo,directo,Nombre RA correspondiente por normalización determinística.
18,Corrientes,18161,San Roque,directo,directo,directo,directo,Nombre RA correspondiente por normalización determinística.
18,Corrientes,18168,Santo Tomé,directo,directo,directo,directo,Nombre RA correspondiente por normalización determinística.
18,Corrientes,18175,Sauce,directo,directo,directo,directo,Nombre RA correspondiente por normalización determinística.
22,Chaco,22007,Almirante Brown,directo,directo,directo,directo,Nombre RA correspondiente por normalización determinística.
22,Chaco,22014,Bermejo,directo,directo,directo,directo,Nombre RA correspondiente por normalización determinística.
22,Chaco,22021,Comandante Fernández,directo,directo,directo,directo,Nombre RA correspondiente por normalización determinística.
22,Chaco,22028,Chacabuco,directo,directo,directo,directo,Nombre RA correspondiente por normalización determinística.
22,Chaco,22036,12 de Octubre,directo,directo,directo,directo,Nombre RA correspondiente por normalización determinística.
22,Chaco,22039,2 de Abril,directo,directo,directo,directo,Nombre RA correspondiente por normalización determinística.
22,Chaco,22043,Fray Justo Santa María de Oro,directo,directo,directo,directo,Nombre RA correspondiente por normalización determinística.
22,Chaco,22049,General Belgrano,directo,directo,directo,directo,Nombre RA correspondiente por normalización determinística.
22,Chaco,22056,General Donovan,directo,directo,directo,directo,Nombre RA correspondiente por normalización determinística.
22,Chaco,22063,General Güemes,directo,directo,directo,directo,Nombre RA correspondiente por normalización determinística.
22,Chaco,22070,Independencia,directo,directo,directo,directo,Nombre RA correspondiente por normalización determinística.
22,Chaco,22077,Libertad,directo,directo,directo,directo,Nombre RA correspondiente por normalización determinística.
22,Chaco,22084,Libertador General San Martín,directo,directo,directo,directo,Nombre RA correspondiente por normalización determinística.
22,Chaco,22091,Maipú,directo,directo,directo,directo,Nombre RA correspondiente por normalización determinística.
22,Chaco,22098,Mayor Luis J. Fontana,directo,directo,directo,directo,Nombre RA correspondiente por normalización determinística.
22,Chaco,22105,9 de Julio,directo,directo,directo,directo,Nombre RA correspondiente por normalización determinística.
22,Chaco,22112,O'Higgins,directo,directo,directo,directo,Nombre RA correspondiente por normalización determinística.
22,Chaco,22119,Presidencia de la Plaza,directo,directo,directo,directo,Nombre RA correspondiente por normalización determinística.
22,Chaco,22126,1° de Mayo,directo,directo,directo,directo,Nombre RA correspondiente por normalización determinística.
22,Chaco,22133,Quitilipi,directo,directo,directo,directo,Nombre RA correspondiente por normalización determinística.
22,Chaco,22140,San Fernando,directo,directo,directo,directo,Nombre RA correspondiente por normalización determinística.
22,Chaco,22147,San Lorenzo,directo,directo,directo,directo,Nombre RA correspondiente por normalización determinística.
22,Chaco,22154,Sargento Cabral,directo,directo,directo,directo,Nombre RA correspondiente por normalización determinística.
22,Chaco,22161,Tapenagá,directo,directo,directo,directo,Nombre RA correspondiente por normalización determinística.
22,Chaco,22168,25 de Mayo,directo,directo,directo,directo,Nombre RA correspondiente por normalización determinística.
26,Chubut,26007,Biedma,directo,directo,directo,directo,Nombre RA correspondiente por normalización determinística.
26,Chubut,26014,Cushamen,directo,directo,directo,directo,Nombre RA correspondiente por normalización determinística.
26,Chubut,26021,Escalante,directo,directo,directo,directo,Nombre RA correspondiente por normalización determinística.
26,Chubut,26028,Florentino Ameghino,no_representado,no_representado,no_representado,no_representado,Sin registro identificable; no equivale a valor cero.
26,Chubut,26035,Futaleufú,directo,directo,directo,directo,Nombre RA correspondiente por normalización determinística.
26,Chubut,26042,Gaiman,directo,directo,directo,directo,Nombre RA correspondiente por normalización determinística.
26,Chubut,26049,Gastre,directo,directo,directo,directo,Nombre RA correspondiente por normalización determinística.
26,Chubut,26056,Languiñeo,directo,directo,directo,directo,Nombre RA correspondiente por normalización determinística.
26,Chubut,26063,Mártires,no_representado,no_representado,no_representado,no_representado,Sin registro identificable; no equivale a valor cero.
26,Chubut,26070,Paso de Indios,directo,directo,directo,directo,Nombre RA correspondiente por normalización determinística.
26,Chubut,26077,Rawson,directo,directo,directo,directo,Nombre RA correspondiente por normalización determinística.
26,Chubut,26084,Río Senguer,directo,directo,directo,directo,Nombre RA correspondiente por normalización determinística.
26,Chubut,26091,Sarmiento,directo,directo,directo,directo,Nombre RA correspondiente por normalización determinística.
26,Chubut,26098,Tehuelches,directo,directo,directo,directo,Nombre RA correspondiente por normalización determinística.
26,Chubut,26105,Telsen,directo,directo,directo,directo,Nombre RA correspondiente por normalización determinística.
30,Entre Ríos,30008,Colón,directo,directo,directo,directo,Nombre RA correspondiente por normalización determinística.
30,Entre Ríos,30015,Concordia,directo,directo,directo,directo,Nombre RA correspondiente por normalización determinística.
30,Entre Ríos,30021,Diamante,directo,directo,directo,directo,Nombre RA correspondiente por normalización determinística.
30,Entre Ríos,30028,Federación,directo,directo,directo,directo,Nombre RA correspondiente por normalización determinística.
30,Entre Ríos,30035,Federal,directo,directo,directo,directo,Nombre RA correspondiente por normalización determinística.
30,Entre Ríos,30042,Feliciano,directo,directo,directo,directo,Nombre RA correspondiente por normalización determinística.
30,Entre Ríos,30049,Gualeguay,directo,directo,directo,directo,Nombre RA correspondiente por normalización determinística.
30,Entre Ríos,30056,Gualeguaychú,directo,directo,directo,directo,Nombre RA correspondiente por normalización determinística.
30,Entre Ríos,30063,Islas del Ibicuy,directo,directo,directo,directo,Nombre RA correspondiente por normalización determinística.
30,Entre Ríos,30070,La Paz,directo,directo,directo,directo,Nombre RA correspondiente por normalización determinística.
30,Entre Ríos,30077,Nogoyá,directo,directo,directo,directo,Nombre RA correspondiente por normalización determinística.
30,Entre Ríos,30084,Paraná,directo,directo,directo,directo,Nombre RA correspondiente por normalización determinística.
30,Entre Ríos,30088,San Salvador,directo,directo,directo,directo,Nombre RA correspondiente por normalización determinística.
30,Entre Ríos,30091,Tala,directo,directo,directo,directo,Nombre RA correspondiente por normalización determinística.
30,Entre Ríos,30098,Uruguay,directo,directo,directo,directo,Nombre RA correspondiente por normalización determinística.
30,Entre Ríos,30105,Victoria,directo,directo,directo,directo,Nombre RA correspondiente por normalización determinística.
30,Entre Ríos,30113,Villaguay,directo,directo,directo,directo,Nombre RA correspondiente por normalización determinística.
34,Formosa,34007,Bermejo,directo,directo,directo,directo,Nombre RA correspondiente por normalización determinística.
34,Formosa,34014,Formosa,directo,directo,directo,directo,Nombre RA correspondiente por normalización determinística.
34,Formosa,34021,Laishi,directo,directo,directo,directo,Nombre RA correspondiente por normalización determinística.
34,Formosa,34028,Matacos,directo,directo,directo,directo,Nombre RA correspondiente por normalización determinística.
34,Formosa,34035,Patiño,directo,directo,directo,directo,Nombre RA correspondiente por normalización determinística.
34,Formosa,34042,Pilagás,directo,directo,directo,directo,Nombre RA correspondiente por normalización determinística.
34,Formosa,34049,Pilcomayo,directo,directo,directo,directo,Nombre RA correspondiente por normalización determinística.
34,Formosa,34056,Pirané,directo,directo,directo,directo,Nombre RA correspondiente por normalización determinística.
34,Formosa,34063,Ramón Lista,directo,directo,directo,directo,Nombre RA correspondiente por normalización determinística.
38,Jujuy,38007,Cochinoca,directo,directo,directo,directo,Nombre RA correspondiente por normalización determinística.
38,Jujuy,38014,El Carmen,directo,directo,directo,directo,Nombre RA correspondiente por normalización determinística.
38,Jujuy,38021,Dr. Manuel Belgrano,puente,puente,puente,puente,Equivalencia explícita confirmada en la tabla puente.
38,Jujuy,38028,Humahuaca,directo,directo,directo,directo,Nombre RA correspondiente por normalización determinística.
38,Jujuy,38035,Ledesma,directo,directo,directo,directo,Nombre RA correspondiente por normalización determinística.
38,Jujuy,38042,Palpalá,directo,directo,directo,directo,Nombre RA correspondiente por normalización determinística.
38,Jujuy,38049,Rinconada,directo,directo,directo,directo,Nombre RA correspondiente por normalización determinística.
38,Jujuy,38056,San Antonio,directo,directo,directo,directo,Nombre RA correspondiente por normalización determinística.
38,Jujuy,38063,San Pedro,directo,directo,directo,directo,Nombre RA correspondiente por normalización determinística.
38,Jujuy,38070,Santa Bárbara,directo,directo,directo,directo,Nombre RA correspondiente por normalización determinística.
38,Jujuy,38077,Santa Catalina,directo,directo,directo,directo,Nombre RA correspondiente por normalización determinística.
38,Jujuy,38084,Susques,directo,directo,directo,directo,Nombre RA correspondiente por normalización determinística.
38,Jujuy,38094,Tilcara,directo,directo,directo,directo,Nombre RA correspondiente por normalización determinística.
38,Jujuy,38098,Tumbaya,directo,directo,directo,directo,Nombre RA correspondiente por normalización determinística.
38,Jujuy,38105,Valle Grande,directo,directo,directo,directo,Nombre RA correspondiente por normalización determinística.
38,Jujuy,38112,Yavi,directo,directo,directo,directo,Nombre RA correspondiente por normalización determinística.
42,La Pampa,42007,Atreucó,directo,directo,directo,directo,Nombre RA correspondiente por normalización determinística.
42,La Pampa,42014,Caleu Caleu,no_representado,no_representado,no_representado,no_representado,Sin registro identificable; no equivale a valor cero.
42,La Pampa,42021,Capital,directo,directo,directo,directo,Nombre RA correspondiente por normalización determinística.
42,La Pampa,42028,Catriló,directo,directo,directo,directo,Nombre RA correspondiente por normalización determinística.
42,La Pampa,42035,Conhelo,directo,directo,directo,directo,Nombre RA correspondiente por normalización determinística.
42,La Pampa,42042,Curacó,directo,directo,directo,directo,Nombre RA correspondiente por normalización determinística.
42,La Pampa,42049,Chalileo,no_representado,no_representado,no_representado,no_representado,Sin registro identificable; no equivale a valor cero.
42,La Pampa,42056,Chapaleufú,directo,directo,directo,directo,Nombre RA correspondiente por normalización determinística.
42,La Pampa,42063,Chical Co,directo,directo,directo,directo,Nombre RA correspondiente por normalización determinística.
42,La Pampa,42070,Guatraché,directo,directo,directo,directo,Nombre RA correspondiente por normalización determinística.
42,La Pampa,42077,Hucal,directo,directo,directo,directo,Nombre RA correspondiente por normalización determinística.
42,La Pampa,42084,Lihuel Calel,no_representado,no_representado,no_representado,no_representado,Sin registro identificable; no equivale a valor cero.
42,La Pampa,42091,Limay Mahuida,no_representado,no_representado,no_representado,no_representado,Sin registro identificable; no equivale a valor cero.
42,La Pampa,42098,Loventué,directo,directo,directo,directo,Nombre RA correspondiente por normalización determinística.
42,La Pampa,42105,Maracó,directo,directo,directo,directo,Nombre RA correspondiente por normalización determinística.
42,La Pampa,42112,Puelén,directo,directo,directo,directo,Nombre RA correspondiente por normalización determinística.
42,La Pampa,42119,Quemú Quemú,directo,directo,directo,directo,Nombre RA correspondiente por normalización determinística.
42,La Pampa,42126,Rancul,directo,directo,directo,directo,Nombre RA correspondiente por normalización determinística.
42,La Pampa,42133,Realicó,directo,directo,directo,directo,Nombre RA correspondiente por normalización determinística.
42,La Pampa,42140,Toay,directo,directo,directo,directo,Nombre RA correspondiente por normalización determinística.
42,La Pampa,42147,Trenel,directo,directo,directo,directo,Nombre RA correspondiente por normalización determinística.
42,La Pampa,42154,Utracán,directo,directo,directo,directo,Nombre RA correspondiente por normalización determinística.
46,La Rioja,46007,Arauco,directo,directo,directo,directo,Nombre RA correspondiente por normalización determinística.
46,La Rioja,46014,Capital,directo,directo,directo,directo,Nombre RA correspondiente por normalización determinística.
46,La Rioja,46021,Castro Barros,directo,directo,directo,directo,Nombre RA correspondiente por normalización determinística.
46,La Rioja,46028,General Felipe Varela,por_verificar,por_verificar,por_verificar,por_verificar,Variante nominal sin evidencia oficial suficiente; no se asigna ID en los datos preparados.
46,La Rioja,46035,Chamical,directo,directo,directo,directo,Nombre RA correspondiente por normalización determinística.
46,La Rioja,46042,Chilecito,directo,directo,directo,directo,Nombre RA correspondiente por normalización determinística.
46,La Rioja,46049,Famatina,directo,directo,directo,directo,Nombre RA correspondiente por normalización determinística.
46,La Rioja,46056,Ángel Vicente Peñaloza,por_verificar,por_verificar,por_verificar,por_verificar,Variante nominal sin evidencia oficial suficiente; no se asigna ID en los datos preparados.
46,La Rioja,46063,General Belgrano,directo,directo,directo,directo,Nombre RA correspondiente por normalización determinística.
46,La Rioja,46070,General Juan Facundo Quiroga,por_verificar,por_verificar,por_verificar,por_verificar,Variante nominal sin evidencia oficial suficiente; no se asigna ID en los datos preparados.
46,La Rioja,46077,General Lamadrid,no_representado,no_representado,no_representado,no_representado,Sin registro identificable; no equivale a valor cero.
46,La Rioja,46084,General Ortiz de Ocampo,por_verificar,por_verificar,por_verificar,por_verificar,Variante nominal sin evidencia oficial suficiente; no se asigna ID en los datos preparados.
46,La Rioja,46091,General San Martín,directo,directo,directo,directo,Nombre RA correspondiente por normalización determinística.
46,La Rioja,46098,Vinchina,directo,directo,directo,directo,Nombre RA correspondiente por normalización determinística.
46,La Rioja,46105,Independencia,directo,directo,directo,directo,Nombre RA correspondiente por normalización determinística.
46,La Rioja,46112,Rosario Vera Peñaloza,directo,directo,directo,directo,Nombre RA correspondiente por normalización determinística.
46,La Rioja,46119,San Blas de Los Sauces,directo,directo,directo,directo,Nombre RA correspondiente por normalización determinística.
46,La Rioja,46126,Sanagasta,no_representado,no_representado,no_representado,no_representado,Sin registro identificable; no equivale a valor cero.
50,Mendoza,50007,Capital,directo,directo,directo,directo,Nombre RA correspondiente por normalización determinística.
50,Mendoza,50014,General Alvear,directo,directo,directo,directo,Nombre RA correspondiente por normalización determinística.
50,Mendoza,50021,Godoy Cruz,directo,directo,directo,directo,Nombre RA correspondiente por normalización determinística.
50,Mendoza,50028,Guaymallén,directo,directo,directo,directo,Nombre RA correspondiente por normalización determinística.
50,Mendoza,50035,Junín,directo,directo,directo,directo,Nombre RA correspondiente por normalización determinística.
50,Mendoza,50042,La Paz,directo,directo,directo,directo,Nombre RA correspondiente por normalización determinística.
50,Mendoza,50049,Las Heras,directo,directo,directo,directo,Nombre RA correspondiente por normalización determinística.
50,Mendoza,50056,Lavalle,directo,directo,directo,directo,Nombre RA correspondiente por normalización determinística.
50,Mendoza,50063,Luján de Cuyo,directo,directo,directo,directo,Nombre RA correspondiente por normalización determinística.
50,Mendoza,50070,Maipú,directo,directo,directo,directo,Nombre RA correspondiente por normalización determinística.
50,Mendoza,50077,Malargüe,directo,directo,directo,directo,Nombre RA correspondiente por normalización determinística.
50,Mendoza,50084,Rivadavia,directo,directo,directo,directo,Nombre RA correspondiente por normalización determinística.
50,Mendoza,50091,San Carlos,directo,directo,directo,directo,Nombre RA correspondiente por normalización determinística.
50,Mendoza,50098,San Martín,directo,directo,directo,directo,Nombre RA correspondiente por normalización determinística.
50,Mendoza,50105,San Rafael,directo,directo,directo,directo,Nombre RA correspondiente por normalización determinística.
50,Mendoza,50112,Santa Rosa,directo,directo,directo,directo,Nombre RA correspondiente por normalización determinística.
50,Mendoza,50119,Tunuyán,directo,directo,directo,directo,Nombre RA correspondiente por normalización determinística.
50,Mendoza,50126,Tupungato,directo,directo,directo,directo,Nombre RA correspondiente por normalización determinística.
54,Misiones,54007,Apóstoles,directo,directo,directo,directo,Nombre RA correspondiente por normalización determinística.
54,Misiones,54014,Cainguás,directo,directo,directo,directo,Nombre RA correspondiente por normalización determinística.
54,Misiones,54021,Candelaria,directo,directo,directo,directo,Nombre RA correspondiente por normalización determinística.
54,Misiones,54028,Capital,directo,directo,directo,directo,Nombre RA correspondiente por normalización determinística.
54,Misiones,54035,Concepción,directo,directo,directo,directo,Nombre RA correspondiente por normalización determinística.
54,Misiones,54042,Eldorado,directo,directo,directo,directo,Nombre RA correspondiente por normalización determinística.
54,Misiones,54049,General Manuel Belgrano,directo,directo,directo,directo,Nombre RA correspondiente por normalización determinística.
54,Misiones,54056,Guaraní,directo,directo,directo,directo,Nombre RA correspondiente por normalización determinística.
54,Misiones,54063,Iguazú,directo,directo,directo,directo,Nombre RA correspondiente por normalización determinística.
54,Misiones,54070,Leandro N. Alem,directo,directo,directo,directo,Nombre RA correspondiente por normalización determinística.
54,Misiones,54077,Libertador General San Martín,puente,puente,puente,puente,Equivalencia explícita confirmada en la tabla puente.
54,Misiones,54084,Montecarlo,directo,directo,directo,directo,Nombre RA correspondiente por normalización determinística.
54,Misiones,54091,Oberá,directo,directo,directo,directo,Nombre RA correspondiente por normalización determinística.
54,Misiones,54098,San Ignacio,directo,directo,directo,directo,Nombre RA correspondiente por normalización determinística.
54,Misiones,54105,San Javier,directo,directo,directo,directo,Nombre RA correspondiente por normalización determinística.
54,Misiones,54112,San Pedro,directo,directo,directo,directo,Nombre RA correspondiente por normalización determinística.
54,Misiones,54119,25 de Mayo,directo,directo,directo,directo,Nombre RA correspondiente por normalización determinística.
58,Neuquén,58007,Aluminé,directo,directo,directo,directo,Nombre RA correspondiente por normalización determinística.
58,Neuquén,58014,Añelo,directo,directo,directo,directo,Nombre RA correspondiente por normalización determinística.
58,Neuquén,58021,Catán Lil,directo,directo,directo,directo,Nombre RA correspondiente por normalización determinística.
58,Neuquén,58028,Collón Curá,directo,directo,directo,directo,Nombre RA correspondiente por normalización determinística.
58,Neuquén,58035,Confluencia,directo,directo,directo,directo,Nombre RA correspondiente por normalización determinística.
58,Neuquén,58042,Chos Malal,directo,directo,directo,directo,Nombre RA correspondiente por normalización determinística.
58,Neuquén,58049,Huiliches,directo,directo,directo,directo,Nombre RA correspondiente por normalización determinística.
58,Neuquén,58056,Lácar,directo,directo,directo,directo,Nombre RA correspondiente por normalización determinística.
58,Neuquén,58063,Loncopué,directo,directo,directo,directo,Nombre RA correspondiente por normalización determinística.
58,Neuquén,58070,Los Lagos,directo,directo,directo,directo,Nombre RA correspondiente por normalización determinística.
58,Neuquén,58077,Minas,directo,directo,directo,directo,Nombre RA correspondiente por normalización determinística.
58,Neuquén,58084,Ñorquín,directo,directo,directo,directo,Nombre RA correspondiente por normalización determinística.
58,Neuquén,58091,Pehuenches,directo,directo,directo,directo,Nombre RA correspondiente por normalización determinística.
58,Neuquén,58098,Picún Leufú,directo,directo,directo,directo,Nombre RA correspondiente por normalización determinística.
58,Neuquén,58105,Picunches,directo,directo,directo,directo,Nombre RA correspondiente por normalización determinística.
58,Neuquén,58112,Zapala,directo,directo,directo,directo,Nombre RA correspondiente por normalización determinística.
62,Río Negro,62007,Adolfo Alsina,directo,directo,directo,directo,Nombre RA correspondiente por normalización determinística.
62,Río Negro,62014,Avellaneda,directo,directo,directo,directo,Nombre RA correspondiente por normalización determinística.
62,Río Negro,62021,Bariloche,directo,directo,directo,directo,Nombre RA correspondiente por normalización determinística.
62,Río Negro,62028,Conesa,directo,directo,directo,directo,Nombre RA correspondiente por normalización determinística.
62,Río Negro,62035,El Cuy,directo,directo,directo,directo,Nombre RA correspondiente por normalización determinística.
62,Río Negro,62042,General Roca,directo,directo,directo,directo,Nombre RA correspondiente por normalización determinística.
62,Río Negro,62049,9 de Julio,directo,directo,directo,directo,Nombre RA correspondiente por normalización determinística.
62,Río Negro,62056,Ñorquinco,directo,directo,directo,directo,Nombre RA correspondiente por normalización determinística.
62,Río Negro,62063,Pichi Mahuida,directo,directo,directo,directo,Nombre RA correspondiente por normalización determinística.
62,Río Negro,62070,Pilcaniyeu,directo,directo,directo,directo,Nombre RA correspondiente por normalización determinística.
62,Río Negro,62077,San Antonio,directo,directo,directo,directo,Nombre RA correspondiente por normalización determinística.
62,Río Negro,62084,Valcheta,directo,directo,directo,directo,Nombre RA correspondiente por normalización determinística.
62,Río Negro,62091,25 de Mayo,directo,directo,directo,directo,Nombre RA correspondiente por normalización determinística.
66,Salta,66007,Anta,directo,directo,directo,directo,Nombre RA correspondiente por normalización determinística.
66,Salta,66014,Cachi,directo,directo,directo,directo,Nombre RA correspondiente por normalización determinística.
66,Salta,66021,Cafayate,directo,directo,directo,directo,Nombre RA correspondiente por normalización determinística.
66,Salta,66028,Capital,directo,directo,directo,directo,Nombre RA correspondiente por normalización determinística.
66,Salta,66035,Cerrillos,directo,directo,directo,directo,Nombre RA correspondiente por normalización determinística.
66,Salta,66042,Chicoana,directo,directo,directo,directo,Nombre RA correspondiente por normalización determinística.
66,Salta,66049,General Güemes,directo,directo,directo,directo,Nombre RA correspondiente por normalización determinística.
66,Salta,66056,General José de San Martín,directo,directo,directo,directo,Nombre RA correspondiente por normalización determinística.
66,Salta,66063,Guachipas,directo,directo,directo,directo,Nombre RA correspondiente por normalización determinística.
66,Salta,66070,Iruya,directo,directo,directo,directo,Nombre RA correspondiente por normalización determinística.
66,Salta,66077,La Caldera,directo,directo,directo,directo,Nombre RA correspondiente por normalización determinística.
66,Salta,66084,La Candelaria,directo,directo,directo,directo,Nombre RA correspondiente por normalización determinística.
66,Salta,66091,La Poma,directo,directo,directo,directo,Nombre RA correspondiente por normalización determinística.
66,Salta,66098,La Viña,directo,directo,directo,directo,Nombre RA correspondiente por normalización determinística.
66,Salta,66105,Los Andes,directo,directo,directo,directo,Nombre RA correspondiente por normalización determinística.
66,Salta,66112,Metán,directo,directo,directo,directo,Nombre RA correspondiente por normalización determinística.
66,Salta,66119,Molinos,directo,directo,directo,directo,Nombre RA correspondiente por normalización determinística.
66,Salta,66126,Orán,directo,directo,directo,directo,Nombre RA correspondiente por normalización determinística.
66,Salta,66133,Rivadavia,directo,directo,directo,directo,Nombre RA correspondiente por normalización determinística.
66,Salta,66140,Rosario de la Frontera,directo,directo,directo,directo,Nombre RA correspondiente por normalización determinística.
66,Salta,66147,Rosario de Lerma,directo,directo,directo,directo,Nombre RA correspondiente por normalización determinística.
66,Salta,66154,San Carlos,directo,directo,directo,directo,Nombre RA correspondiente por normalización determinística.
66,Salta,66161,Santa Victoria,directo,directo,directo,directo,Nombre RA correspondiente por normalización determinística.
70,San Juan,70007,Albardón,directo,directo,directo,directo,Nombre RA correspondiente por normalización determinística.
70,San Juan,70014,Angaco,directo,directo,directo,directo,Nombre RA correspondiente por normalización determinística.
70,San Juan,70021,Calingasta,directo,directo,directo,directo,Nombre RA correspondiente por normalización determinística.
70,San Juan,70028,Capital,directo,directo,directo,directo,Nombre RA correspondiente por normalización determinística.
70,San Juan,70035,Caucete,directo,directo,directo,directo,Nombre RA correspondiente por normalización determinística.
70,San Juan,70042,Chimbas,directo,directo,directo,directo,Nombre RA correspondiente por normalización determinística.
70,San Juan,70049,Iglesia,directo,directo,directo,directo,Nombre RA correspondiente por normalización determinística.
70,San Juan,70056,Jáchal,directo,directo,directo,directo,Nombre RA correspondiente por normalización determinística.
70,San Juan,70063,9 de Julio,directo,directo,directo,directo,Nombre RA correspondiente por normalización determinística.
70,San Juan,70070,Pocito,directo,directo,directo,directo,Nombre RA correspondiente por normalización determinística.
70,San Juan,70077,Rawson,directo,directo,directo,directo,Nombre RA correspondiente por normalización determinística.
70,San Juan,70084,Rivadavia,directo,directo,directo,directo,Nombre RA correspondiente por normalización determinística.
70,San Juan,70091,San Martín,directo,directo,directo,directo,Nombre RA correspondiente por normalización determinística.
70,San Juan,70098,Santa Lucía,directo,directo,directo,directo,Nombre RA correspondiente por normalización determinística.
70,San Juan,70105,Sarmiento,directo,directo,directo,directo,Nombre RA correspondiente por normalización determinística.
70,San Juan,70112,Ullum,no_representado,no_representado,no_representado,no_representado,Sin registro identificable; no equivale a valor cero.
70,San Juan,70119,Valle Fértil,directo,directo,directo,directo,Nombre RA correspondiente por normalización determinística.
70,San Juan,70126,25 de Mayo,directo,directo,directo,directo,Nombre RA correspondiente por normalización determinística.
70,San Juan,70133,Zonda,no_representado,no_representado,no_representado,no_representado,Sin registro identificable; no equivale a valor cero.
74,San Luis,74007,Ayacucho,directo,directo,directo,directo,Nombre RA correspondiente por normalización determinística.
74,San Luis,74014,Belgrano,directo,directo,directo,directo,Nombre RA correspondiente por normalización determinística.
74,San Luis,74021,Coronel Pringles,directo,directo,directo,directo,Nombre RA correspondiente por normalización determinística.
74,San Luis,74028,Chacabuco,directo,directo,directo,directo,Nombre RA correspondiente por normalización determinística.
74,San Luis,74035,General Pedernera,directo,directo,directo,directo,Nombre RA correspondiente por normalización determinística.
74,San Luis,74042,Gobernador Dupuy,directo,directo,directo,directo,Nombre RA correspondiente por normalización determinística.
74,San Luis,74049,Junín,directo,directo,directo,directo,Nombre RA correspondiente por normalización determinística.
74,San Luis,74056,Juan Martín de Pueyrredón,por_verificar,por_verificar,por_verificar,por_verificar,Variante nominal sin evidencia oficial suficiente; no se asigna ID en los datos preparados.
74,San Luis,74063,Libertador General San Martín,puente,puente,puente,puente,Equivalencia explícita confirmada en la tabla puente.
78,Santa Cruz,78007,Corpen Aike,directo,directo,directo,directo,Nombre RA correspondiente por normalización determinística.
78,Santa Cruz,78014,Deseado,directo,directo,directo,directo,Nombre RA correspondiente por normalización determinística.
78,Santa Cruz,78021,Güer Aike,directo,directo,directo,directo,Nombre RA correspondiente por normalización determinística.
78,Santa Cruz,78028,Lago Argentino,directo,directo,directo,directo,Nombre RA correspondiente por normalización determinística.
78,Santa Cruz,78035,Lago Buenos Aires,directo,directo,directo,directo,Nombre RA correspondiente por normalización determinística.
78,Santa Cruz,78042,Magallanes,directo,directo,directo,directo,Nombre RA correspondiente por normalización determinística.
78,Santa Cruz,78049,Río Chico,directo,directo,directo,directo,Nombre RA correspondiente por normalización determinística.
82,Santa Fe,82007,Belgrano,directo,directo,directo,directo,Nombre RA correspondiente por normalización determinística.
82,Santa Fe,82014,Caseros,directo,directo,directo,directo,Nombre RA correspondiente por normalización determinística.
82,Santa Fe,82021,Castellanos,directo,directo,directo,directo,Nombre RA correspondiente por normalización determinística.
82,Santa Fe,82028,Constitución,directo,directo,directo,directo,Nombre RA correspondiente por normalización determinística.
82,Santa Fe,82035,Garay,directo,directo,directo,directo,Nombre RA correspondiente por normalización determinística.
82,Santa Fe,82042,General López,directo,directo,directo,directo,Nombre RA correspondiente por normalización determinística.
82,Santa Fe,82049,General Obligado,directo,directo,directo,directo,Nombre RA correspondiente por normalización determinística.
82,Santa Fe,82056,Iriondo,directo,directo,directo,directo,Nombre RA correspondiente por normalización determinística.
82,Santa Fe,82063,La Capital,directo,directo,directo,directo,Nombre RA correspondiente por normalización determinística.
82,Santa Fe,82070,Las Colonias,directo,directo,directo,directo,Nombre RA correspondiente por normalización determinística.
82,Santa Fe,82077,9 de Julio,directo,directo,directo,directo,Nombre RA correspondiente por normalización determinística.
82,Santa Fe,82084,Rosario,directo,directo,directo,directo,Nombre RA correspondiente por normalización determinística.
82,Santa Fe,82091,San Cristóbal,directo,directo,directo,directo,Nombre RA correspondiente por normalización determinística.
82,Santa Fe,82098,San Javier,directo,directo,directo,directo,Nombre RA correspondiente por normalización determinística.
82,Santa Fe,82105,San Jerónimo,directo,directo,directo,directo,Nombre RA correspondiente por normalización determinística.
82,Santa Fe,82112,San Justo,directo,directo,directo,directo,Nombre RA correspondiente por normalización determinística.
82,Santa Fe,82119,San Lorenzo,directo,directo,directo,directo,Nombre RA correspondiente por normalización determinística.
82,Santa Fe,82126,San Martín,directo,directo,directo,directo,Nombre RA correspondiente por normalización determinística.
82,Santa Fe,82133,Vera,directo,directo,directo,directo,Nombre RA correspondiente por normalización determinística.
86,Santiago del Estero,86007,Aguirre,directo,directo,directo,directo,Nombre RA correspondiente por normalización determinística.
86,Santiago del Estero,86014,Alberdi,directo,directo,directo,directo,Nombre RA correspondiente por normalización determinística.
86,Santiago del Estero,86021,Atamisqui,directo,directo,directo,directo,Nombre RA correspondiente por normalización determinística.
86,Santiago del Estero,86028,Avellaneda,directo,directo,directo,directo,Nombre RA correspondiente por normalización determinística.
86,Santiago del Estero,86035,Banda,directo,directo,directo,directo,Nombre RA correspondiente por normalización determinística.
86,Santiago del Estero,86042,Belgrano,no_representado,no_representado,no_representado,no_representado,Sin registro identificable; no equivale a valor cero.
86,Santiago del Estero,86049,Capital,directo,directo,directo,directo,Nombre RA correspondiente por normalización determinística.
86,Santiago del Estero,86056,Copo,directo,directo,directo,directo,Nombre RA correspondiente por normalización determinística.
86,Santiago del Estero,86063,Choya,directo,directo,directo,directo,Nombre RA correspondiente por normalización determinística.
86,Santiago del Estero,86070,Figueroa,directo,directo,directo,directo,Nombre RA correspondiente por normalización determinística.
86,Santiago del Estero,86077,General Taboada,directo,directo,directo,directo,Nombre RA correspondiente por normalización determinística.
86,Santiago del Estero,86084,Guasayán,directo,directo,directo,directo,Nombre RA correspondiente por normalización determinística.
86,Santiago del Estero,86091,Jiménez,directo,directo,directo,directo,Nombre RA correspondiente por normalización determinística.
86,Santiago del Estero,86098,Juan Felipe Ibarra,por_verificar,por_verificar,por_verificar,por_verificar,Variante nominal sin evidencia oficial suficiente; no se asigna ID en los datos preparados.
86,Santiago del Estero,86105,Loreto,directo,directo,directo,directo,Nombre RA correspondiente por normalización determinística.
86,Santiago del Estero,86112,Mitre,directo,directo,directo,directo,Nombre RA correspondiente por normalización determinística.
86,Santiago del Estero,86119,Moreno,directo,directo,directo,directo,Nombre RA correspondiente por normalización determinística.
86,Santiago del Estero,86126,Ojo de Agua,directo,directo,directo,directo,Nombre RA correspondiente por normalización determinística.
86,Santiago del Estero,86133,Pellegrini,directo,directo,directo,directo,Nombre RA correspondiente por normalización determinística.
86,Santiago del Estero,86140,Quebrachos,directo,directo,directo,directo,Nombre RA correspondiente por normalización determinística.
86,Santiago del Estero,86147,Río Hondo,directo,directo,directo,directo,Nombre RA correspondiente por normalización determinística.
86,Santiago del Estero,86154,Rivadavia,directo,directo,directo,directo,Nombre RA correspondiente por normalización determinística.
86,Santiago del Estero,86161,Robles,directo,directo,directo,directo,Nombre RA correspondiente por normalización determinística.
86,Santiago del Estero,86168,Salavina,directo,directo,directo,directo,Nombre RA correspondiente por normalización determinística.
86,Santiago del Estero,86175,San Martín,directo,directo,directo,directo,Nombre RA correspondiente por normalización determinística.
86,Santiago del Estero,86182,Sarmiento,directo,directo,directo,directo,Nombre RA correspondiente por normalización determinística.
86,Santiago del Estero,86189,Silípica,directo,directo,directo,directo,Nombre RA correspondiente por normalización determinística.
90,Tucumán,90007,Burruyacú,directo,directo,directo,directo,Nombre RA correspondiente por normalización determinística.
90,Tucumán,90014,Cruz Alta,directo,directo,directo,directo,Nombre RA correspondiente por normalización determinística.
90,Tucumán,90021,Chicligasta,directo,directo,directo,directo,Nombre RA correspondiente por normalización determinística.
90,Tucumán,90028,Famaillá,directo,directo,directo,directo,Nombre RA correspondiente por normalización determinística.
90,Tucumán,90035,Graneros,directo,directo,directo,directo,Nombre RA correspondiente por normalización determinística.
90,Tucumán,90042,Juan Bautista Alberdi,por_verificar,por_verificar,por_verificar,por_verificar,Variante nominal sin evidencia oficial suficiente; no se asigna ID en los datos preparados.
90,Tucumán,90049,La Cocha,directo,directo,directo,directo,Nombre RA correspondiente por normalización determinística.
90,Tucumán,90056,Leales,directo,directo,directo,directo,Nombre RA correspondiente por normalización determinística.
90,Tucumán,90063,Lules,directo,directo,directo,directo,Nombre RA correspondiente por normalización determinística.
90,Tucumán,90070,Monteros,directo,directo,directo,directo,Nombre RA correspondiente por normalización determinística.
90,Tucumán,90077,Río Chico,directo,directo,directo,directo,Nombre RA correspondiente por normalización determinística.
90,Tucumán,90084,Capital,directo,directo,directo,directo,Nombre RA correspondiente por normalización determinística.
90,Tucumán,90091,Simoca,directo,directo,directo,directo,Nombre RA correspondiente por normalización determinística.
90,Tucumán,90098,Tafí del Valle,directo,directo,directo,directo,Nombre RA correspondiente por normalización determinística.
90,Tucumán,90105,Tafí Viejo,directo,directo,directo,directo,Nombre RA correspondiente por normalización determinística.
90,Tucumán,90112,Trancas,directo,directo,directo,directo,Nombre RA correspondiente por normalización determinística.
90,Tucumán,90119,Yerba Buena,directo,directo,directo,directo,Nombre RA correspondiente por normalización determinística.
94,"Tierra del Fuego, Antártida e Islas del Atlántico Sur",94008,Río Grande,directo,directo,directo,directo,Nombre RA correspondiente por normalización determinística.
94,"Tierra del Fuego, Antártida e Islas del Atlántico Sur",94011,Tolhuin,directo,directo,directo,directo,Nombre RA correspondiente por normalización determinística.
94,"Tierra del Fuego, Antártida e Islas del Atlántico Sur",94015,Ushuaia,directo,directo,directo,directo,Nombre RA correspondiente por normalización determinística.
94,"Tierra del Fuego, Antártida e Islas del Atlántico Sur",94021,Islas del Atlántico Sur,no_representado,no_representado,no_representado,no_representado,Sin registro identificable; no equivale a valor cero.
94,"Tierra del Fuego, Antártida e Islas del Atlántico Sur",94028,Antártida Argentina,no_representado,no_representado,no_representado,no_representado,Sin registro identificable; no equivale a valor cero.
