fuente_id,organismo,dataset,variable,url,anio,granularidad,universo,formato,fecha_consulta,sha256,observaciones
c2022_bsas_educacion_c1_2,INDEC,Censo Nacional 2022,asistencia escolar,https://www.indec.gob.ar/ftp/cuadros/poblacion/c2022_bsas_educacion_c1_2.xlsx,2022,departamento/partido/comuna,según cuadro oficial y diccionario de variables,XLSX,2026-09-12,8402a2b2d6912d589875b78a04cb87c66408f0756f79f35c4b9fad8614ffaa37,Archivo original sin modificar
c2022_bsas_hogares_c2_2,INDEC,Censo Nacional 2022,agua,https://www.indec.gob.ar/ftp/cuadros/poblacion/c2022_bsas_hogares_c2_2.xlsx,2022,departamento/partido/comuna,según cuadro oficial y diccionario de variables,XLSX,2026-09-12,f809b7f05475727881c36cda075f333e1f8431c92ad787a5c0173216f9814237,Archivo original sin modificar
c2022_bsas_hogares_c3_2,INDEC,Censo Nacional 2022,saneamiento,https://www.indec.gob.ar/ftp/cuadros/poblacion/c2022_bsas_hogares_c3_2.xlsx,2022,departamento/partido/comuna,según cuadro oficial y diccionario de variables,XLSX,2026-09-12,9f873728bfaf9ae7c9bd5a9d13932ad32caf4e5cc4d820c4daa62336829f1a59,Archivo original sin modificar
c2022_bsas_hogares_c7_2,INDEC,Censo Nacional 2022,internet y computadora,https://www.indec.gob.ar/ftp/cuadros/poblacion/c2022_bsas_hogares_c7_2.xlsx,2022,departamento/partido/comuna,según cuadro oficial y diccionario de variables,XLSX,2026-09-12,991f97295c51ed5cebf51d03291eb191cf8b33eaea23965054c2c309f4cff5aa,Archivo original sin modificar
c2022_bsas_vivienda_c3_2,INDEC,Censo Nacional 2022,tipo de vivienda,https://www.indec.gob.ar/ftp/cuadros/poblacion/c2022_bsas_vivienda_c3_2.xlsx,2022,departamento/partido/comuna,según cuadro oficial y diccionario de variables,XLSX,2026-09-12,3957b57419ccb39a9fd7220941ee56414d9fa0ac953196063b150c0b4c385c76,Archivo original sin modificar
c2022_caba_educacion_c1_1,INDEC,Censo Nacional 2022,asistencia escolar,https://www.indec.gob.ar/ftp/cuadros/poblacion/c2022_caba_educacion_c1_1.xlsx,2022,departamento/partido/comuna,según cuadro oficial y diccionario de variables,XLSX,2026-09-12,70539e08942d43e10cecb70a34c35b99f8cb831ec26d7911fb43577974c9f13d,Archivo original sin modificar
c2022_caba_hogares_c2_1,INDEC,Censo Nacional 2022,agua,https://www.indec.gob.ar/ftp/cuadros/poblacion/c2022_caba_hogares_c2_1.xlsx,2022,departamento/partido/comuna,según cuadro oficial y diccionario de variables,XLSX,2026-09-12,d2327e6a135e78ea05dcd4c2f4811e7776f031665286e6835111b1035b11b4a3,Archivo original sin modificar
c2022_caba_hogares_c3_1,INDEC,Censo Nacional 2022,saneamiento,https://www.indec.gob.ar/ftp/cuadros/poblacion/c2022_caba_hogares_c3_1.xlsx,2022,departamento/partido/comuna,según cuadro oficial y diccionario de variables,XLSX,2026-09-12,aaeacfd28044b91a7f88814da9b3c00afbd79c34cd2e05fac62bf2911468b14f,Archivo original sin modificar
c2022_caba_hogares_c7_1,INDEC,Censo Nacional 2022,internet y computadora,https://www.indec.gob.ar/ftp/cuadros/poblacion/c2022_caba_hogares_c7_1.xlsx,2022,departamento/partido/comuna,según cuadro oficial y diccionario de variables,XLSX,2026-09-12,b43e6810c0e08af2b0f7cba343e0488b18dd976fca7b61ad472126eb0ec31850,Archivo original sin modificar
c2022_caba_vivienda_c3_1,INDEC,Censo Nacional 2022,tipo de vivienda,https://www.indec.gob.ar/ftp/cuadros/poblacion/c2022_caba_vivienda_c3_1.xlsx,2022,departamento/partido/comuna,según cuadro oficial y diccionario de variables,XLSX,2026-09-12,b6de626a4dd75d5ea8547d25d436eaf727c631a2a487c46eae37b37d2fc5e329,Archivo original sin modificar
c2022_catamarca_educacion_c1_3,INDEC,Censo Nacional 2022,asistencia escolar,https://www.indec.gob.ar/ftp/cuadros/poblacion/c2022_catamarca_educacion_c1_3.xlsx,2022,departamento/partido/comuna,según cuadro oficial y diccionario de variables,XLSX,2026-09-12,0863d05eae2d4a9c5ed6203793c3212f19ee5ed122bfba27b5acb90f906e05e4,Archivo original sin modificar
c2022_catamarca_hogares_c2_3,INDEC,Censo Nacional 2022,agua,https://www.indec.gob.ar/ftp/cuadros/poblacion/c2022_catamarca_hogares_c2_3.xlsx,2022,departamento/partido/comuna,según cuadro oficial y diccionario de variables,XLSX,2026-09-12,8145c3da0af8c849addb2f07968aa37d0058fea8a058921122c29f6ffd4d25e1,Archivo original sin modificar
c2022_catamarca_hogares_c3_3,INDEC,Censo Nacional 2022,saneamiento,https://www.indec.gob.ar/ftp/cuadros/poblacion/c2022_catamarca_hogares_c3_3.xlsx,2022,departamento/partido/comuna,según cuadro oficial y diccionario de variables,XLSX,2026-09-12,0eb7371f6fdda710cba1a71bd41da49c69da3cabdd7ea79b9d269818284394c3,Archivo original sin modificar
c2022_catamarca_hogares_c7_3,INDEC,Censo Nacional 2022,internet y computadora,https://www.indec.gob.ar/ftp/cuadros/poblacion/c2022_catamarca_hogares_c7_3.xlsx,2022,departamento/partido/comuna,según cuadro oficial y diccionario de variables,XLSX,2026-09-12,99880a355515e60d00e618df69ba800d2ad725f3fcb31c40d1d567028d290f8c,Archivo original sin modificar
c2022_catamarca_vivienda_c3_3,INDEC,Censo Nacional 2022,tipo de vivienda,https://www.indec.gob.ar/ftp/cuadros/poblacion/c2022_catamarca_vivienda_c3_3.xlsx,2022,departamento/partido/comuna,según cuadro oficial y diccionario de variables,XLSX,2026-09-12,e5b2cc6f4546eda3e56faefc6bf77e717b2ce1864887b9a0ff6e25efd664b163,Archivo original sin modificar
c2022_chaco_educacion_c1_4,INDEC,Censo Nacional 2022,asistencia escolar,https://www.indec.gob.ar/ftp/cuadros/poblacion/c2022_chaco_educacion_c1_4.xlsx,2022,departamento/partido/comuna,según cuadro oficial y diccionario de variables,XLSX,2026-09-12,342543c28b89cbfb1233c731984f21ef03e9cd38da0d044a8c7eb27e916aa79b,Archivo original sin modificar
c2022_chaco_hogares_c2_4,INDEC,Censo Nacional 2022,agua,https://www.indec.gob.ar/ftp/cuadros/poblacion/c2022_chaco_hogares_c2_4.xlsx,2022,departamento/partido/comuna,según cuadro oficial y diccionario de variables,XLSX,2026-09-12,9729266d73aa05274611cebeb22949f35ba3ef91fe78f272be42d9a5f8f45969,Archivo original sin modificar
c2022_chaco_hogares_c3_4,INDEC,Censo Nacional 2022,saneamiento,https://www.indec.gob.ar/ftp/cuadros/poblacion/c2022_chaco_hogares_c3_4.xlsx,2022,departamento/partido/comuna,según cuadro oficial y diccionario de variables,XLSX,2026-09-12,ffac8280e950b388b4ccad889f883e9d3fe232bca77292998e389117efe94df9,Archivo original sin modificar
c2022_chaco_hogares_c7_4,INDEC,Censo Nacional 2022,internet y computadora,https://www.indec.gob.ar/ftp/cuadros/poblacion/c2022_chaco_hogares_c7_4.xlsx,2022,departamento/partido/comuna,según cuadro oficial y diccionario de variables,XLSX,2026-09-12,03c500da99588f8b8dbd9c2b4fd42a510274d159b02b45587de5a7326487819d,Archivo original sin modificar
c2022_chaco_vivienda_c3_4,INDEC,Censo Nacional 2022,tipo de vivienda,https://www.indec.gob.ar/ftp/cuadros/poblacion/c2022_chaco_vivienda_c3_4.xlsx,2022,departamento/partido/comuna,según cuadro oficial y diccionario de variables,XLSX,2026-09-12,9b770010264d856808d012e56f0fdc6624bc0184fa9cab748a79e35efce7ae6d,Archivo original sin modificar
c2022_chubut_educacion_c1_5,INDEC,Censo Nacional 2022,asistencia escolar,https://www.indec.gob.ar/ftp/cuadros/poblacion/c2022_chubut_educacion_c1_5.xlsx,2022,departamento/partido/comuna,según cuadro oficial y diccionario de variables,XLSX,2026-09-12,f050b01bde65b65c139ab03ac6f0d1668185eb62106c3879acb2b695e1f90c94,Archivo original sin modificar
c2022_chubut_hogares_c2_5,INDEC,Censo Nacional 2022,agua,https://www.indec.gob.ar/ftp/cuadros/poblacion/c2022_chubut_hogares_c2_5.xlsx,2022,departamento/partido/comuna,según cuadro oficial y diccionario de variables,XLSX,2026-09-12,39ab97bbbf12587cc75b17c57d8e4e39e27950701aef52271c9abfd76663b1b6,Archivo original sin modificar
c2022_chubut_hogares_c3_5,INDEC,Censo Nacional 2022,saneamiento,https://www.indec.gob.ar/ftp/cuadros/poblacion/c2022_chubut_hogares_c3_5.xlsx,2022,departamento/partido/comuna,según cuadro oficial y diccionario de variables,XLSX,2026-09-12,4f5012bc1bea8e88d3f4deb415e90ccd962b75145abda8c67adf1c2453375485,Archivo original sin modificar
c2022_chubut_hogares_c7_5,INDEC,Censo Nacional 2022,internet y computadora,https://www.indec.gob.ar/ftp/cuadros/poblacion/c2022_chubut_hogares_c7_5.xlsx,2022,departamento/partido/comuna,según cuadro oficial y diccionario de variables,XLSX,2026-09-12,92b583bbae5823b0dc630da9a36f6ee6c7b9b42c2a65f75c49c86db925804079,Archivo original sin modificar
c2022_chubut_vivienda_c3_5,INDEC,Censo Nacional 2022,tipo de vivienda,https://www.indec.gob.ar/ftp/cuadros/poblacion/c2022_chubut_vivienda_c3_5.xlsx,2022,departamento/partido/comuna,según cuadro oficial y diccionario de variables,XLSX,2026-09-12,e280ed2157221630e7745fc1609b19475090a83772e6334863110360b8f466fe,Archivo original sin modificar
c2022_cordoba_educacion_c1_6,INDEC,Censo Nacional 2022,asistencia escolar,https://www.indec.gob.ar/ftp/cuadros/poblacion/c2022_cordoba_educacion_c1_6.xlsx,2022,departamento/partido/comuna,según cuadro oficial y diccionario de variables,XLSX,2026-09-12,8353ecca65add4b70d5d4f30e3c84da889a6b1020d488f2b2ccf17a334232899,Archivo original sin modificar
c2022_cordoba_hogares_c2_6,INDEC,Censo Nacional 2022,agua,https://www.indec.gob.ar/ftp/cuadros/poblacion/c2022_cordoba_hogares_c2_6.xlsx,2022,departamento/partido/comuna,según cuadro oficial y diccionario de variables,XLSX,2026-09-12,6e0a91ad5f71a2fa02de6ef51d1e8962d28a9326b5e68ec26e71a0293fa88a8b,Archivo original sin modificar
c2022_cordoba_hogares_c3_6,INDEC,Censo Nacional 2022,saneamiento,https://www.indec.gob.ar/ftp/cuadros/poblacion/c2022_cordoba_hogares_c3_6.xlsx,2022,departamento/partido/comuna,según cuadro oficial y diccionario de variables,XLSX,2026-09-12,0a6318cf1c1d9c24e358dee591a806620bcecc8c89eac93aea45c4c19e607c34,Archivo original sin modificar
c2022_cordoba_hogares_c7_6,INDEC,Censo Nacional 2022,internet y computadora,https://www.indec.gob.ar/ftp/cuadros/poblacion/c2022_cordoba_hogares_c7_6.xlsx,2022,departamento/partido/comuna,según cuadro oficial y diccionario de variables,XLSX,2026-09-12,fe3c62334f4c7779552813972049ff118f3140ded2ef26f4b78aa88dfda146ed,Archivo original sin modificar
c2022_cordoba_vivienda_c3_6,INDEC,Censo Nacional 2022,tipo de vivienda,https://www.indec.gob.ar/ftp/cuadros/poblacion/c2022_cordoba_vivienda_c3_6.xlsx,2022,departamento/partido/comuna,según cuadro oficial y diccionario de variables,XLSX,2026-09-12,f0650cb5883a8b90a2bc901940d19e6a2057fa01dff8fcfe2f668b4d35151b31,Archivo original sin modificar
c2022_corrientes_educacion_c1_7,INDEC,Censo Nacional 2022,asistencia escolar,https://www.indec.gob.ar/ftp/cuadros/poblacion/c2022_corrientes_educacion_c1_7.xlsx,2022,departamento/partido/comuna,según cuadro oficial y diccionario de variables,XLSX,2026-09-12,c41f830bac621bfbe57cff49cea4c60df327fa846fccfbb04d871b02264fc4ac,Archivo original sin modificar
c2022_corrientes_hogares_c2_7,INDEC,Censo Nacional 2022,agua,https://www.indec.gob.ar/ftp/cuadros/poblacion/c2022_corrientes_hogares_c2_7.xlsx,2022,departamento/partido/comuna,según cuadro oficial y diccionario de variables,XLSX,2026-09-12,07b31b263a10c7122448d0cd99e9896527715f4e6739acd2f8738a417a11f38a,Archivo original sin modificar
c2022_corrientes_hogares_c3_7,INDEC,Censo Nacional 2022,saneamiento,https://www.indec.gob.ar/ftp/cuadros/poblacion/c2022_corrientes_hogares_c3_7.xlsx,2022,departamento/partido/comuna,según cuadro oficial y diccionario de variables,XLSX,2026-09-12,081df746bce385feba29e4acb9cc2b748d273849cc65a9a5a0d474882a24e24b,Archivo original sin modificar
c2022_corrientes_hogares_c7_7,INDEC,Censo Nacional 2022,internet y computadora,https://www.indec.gob.ar/ftp/cuadros/poblacion/c2022_corrientes_hogares_c7_7.xlsx,2022,departamento/partido/comuna,según cuadro oficial y diccionario de variables,XLSX,2026-09-12,a9ed60f844a4292ceb8a0e5ca5baad9d9ef9b76ef6efbf58a867ba7156f29531,Archivo original sin modificar
c2022_corrientes_vivienda_c3_7,INDEC,Censo Nacional 2022,tipo de vivienda,https://www.indec.gob.ar/ftp/cuadros/poblacion/c2022_corrientes_vivienda_c3_7.xlsx,2022,departamento/partido/comuna,según cuadro oficial y diccionario de variables,XLSX,2026-09-12,87bdc6b5aff2788f98165bd660e33ce388f965637b8765f6aec5c6ecdf15030d,Archivo original sin modificar
c2022_entrerios_educacion_c1_8,INDEC,Censo Nacional 2022,asistencia escolar,https://www.indec.gob.ar/ftp/cuadros/poblacion/c2022_entrerios_educacion_c1_8.xlsx,2022,departamento/partido/comuna,según cuadro oficial y diccionario de variables,XLSX,2026-09-12,b1196d91509f692e1dd796e16c479cb41303e9eb66d7b8acc6c0a8ffc44a8b20,Archivo original sin modificar
c2022_entrerios_hogares_c2_8,INDEC,Censo Nacional 2022,agua,https://www.indec.gob.ar/ftp/cuadros/poblacion/c2022_entrerios_hogares_c2_8.xlsx,2022,departamento/partido/comuna,según cuadro oficial y diccionario de variables,XLSX,2026-09-12,ca7bdc2d8d7a13f2caf7f9af23cd381d26a2d44ac6eebcd5c52bfc40789bd9a4,Archivo original sin modificar
c2022_entrerios_hogares_c3_8,INDEC,Censo Nacional 2022,saneamiento,https://www.indec.gob.ar/ftp/cuadros/poblacion/c2022_entrerios_hogares_c3_8.xlsx,2022,departamento/partido/comuna,según cuadro oficial y diccionario de variables,XLSX,2026-09-12,3cbf8830c452cfd35c07b104d1ea3c1ea9287b0241d83ce3846f5d5980a30f6f,Archivo original sin modificar
c2022_entrerios_hogares_c7_8,INDEC,Censo Nacional 2022,internet y computadora,https://www.indec.gob.ar/ftp/cuadros/poblacion/c2022_entrerios_hogares_c7_8.xlsx,2022,departamento/partido/comuna,según cuadro oficial y diccionario de variables,XLSX,2026-09-12,a6480a9b8c8bc7e491aaf3de4664d57088473ffc80ac0c0965dc2a4a04733252,Archivo original sin modificar
c2022_entrerios_vivienda_c3_8,INDEC,Censo Nacional 2022,tipo de vivienda,https://www.indec.gob.ar/ftp/cuadros/poblacion/c2022_entrerios_vivienda_c3_8.xlsx,2022,departamento/partido/comuna,según cuadro oficial y diccionario de variables,XLSX,2026-09-12,891cec28fa22e8f0f113d4f360df9506a91cfa6529e3ee79f3ebc7ce457b723b,Archivo original sin modificar
c2022_formosa_educacion_c1_9,INDEC,Censo Nacional 2022,asistencia escolar,https://www.indec.gob.ar/ftp/cuadros/poblacion/c2022_formosa_educacion_c1_9.xlsx,2022,departamento/partido/comuna,según cuadro oficial y diccionario de variables,XLSX,2026-09-12,90e60610975f3dd4ddd1407a7e946a3a8251cacf26dc5e15aff40bbd034470b8,Archivo original sin modificar
c2022_formosa_hogares_c2_9,INDEC,Censo Nacional 2022,agua,https://www.indec.gob.ar/ftp/cuadros/poblacion/c2022_formosa_hogares_c2_9.xlsx,2022,departamento/partido/comuna,según cuadro oficial y diccionario de variables,XLSX,2026-09-12,5ad7fbc6a68c5d9bab3c27a77cbd562988da74db124a2cf6116ff7aaa76de393,Archivo original sin modificar
c2022_formosa_hogares_c3_9,INDEC,Censo Nacional 2022,saneamiento,https://www.indec.gob.ar/ftp/cuadros/poblacion/c2022_formosa_hogares_c3_9.xlsx,2022,departamento/partido/comuna,según cuadro oficial y diccionario de variables,XLSX,2026-09-12,49ae343398d29afc918982fa4c7c063530b18a9bdbb15d20c6d5e95e4d1e0829,Archivo original sin modificar
c2022_formosa_hogares_c7_9,INDEC,Censo Nacional 2022,internet y computadora,https://www.indec.gob.ar/ftp/cuadros/poblacion/c2022_formosa_hogares_c7_9.xlsx,2022,departamento/partido/comuna,según cuadro oficial y diccionario de variables,XLSX,2026-09-12,bf57c12d8e21483264d4791b83208023394b56deb0914307ccd6eb983a54232d,Archivo original sin modificar
c2022_formosa_vivienda_c3_9,INDEC,Censo Nacional 2022,tipo de vivienda,https://www.indec.gob.ar/ftp/cuadros/poblacion/c2022_formosa_vivienda_c3_9.xlsx,2022,departamento/partido/comuna,según cuadro oficial y diccionario de variables,XLSX,2026-09-12,725d24a0cb1f8dd9fabd2596f61cd15cfcef1ab2c3b51fbc350496b254132923,Archivo original sin modificar
c2022_jujuy_educacion_c1_10,INDEC,Censo Nacional 2022,asistencia escolar,https://www.indec.gob.ar/ftp/cuadros/poblacion/c2022_jujuy_educacion_c1_10.xlsx,2022,departamento/partido/comuna,según cuadro oficial y diccionario de variables,XLSX,2026-09-12,50a26f4b884bee647232ae361b237feeaa9d2d94c92a0620f01dc0223c26eec4,Archivo original sin modificar
c2022_jujuy_hogares_c2_10,INDEC,Censo Nacional 2022,agua,https://www.indec.gob.ar/ftp/cuadros/poblacion/c2022_jujuy_hogares_c2_10.xlsx,2022,departamento/partido/comuna,según cuadro oficial y diccionario de variables,XLSX,2026-09-12,c633d524d2fb668973d75f75e5a3a5e315999a5a81018c6eca048e7d111ad226,Archivo original sin modificar
c2022_jujuy_hogares_c3_10,INDEC,Censo Nacional 2022,saneamiento,https://www.indec.gob.ar/ftp/cuadros/poblacion/c2022_jujuy_hogares_c3_10.xlsx,2022,departamento/partido/comuna,según cuadro oficial y diccionario de variables,XLSX,2026-09-12,9b6ce1c6c7bfefc1a08b5a0b75d60d66d2044fb6e3a71864bac9f1122d44ea6d,Archivo original sin modificar
c2022_jujuy_hogares_c7_10,INDEC,Censo Nacional 2022,internet y computadora,https://www.indec.gob.ar/ftp/cuadros/poblacion/c2022_jujuy_hogares_c7_10.xlsx,2022,departamento/partido/comuna,según cuadro oficial y diccionario de variables,XLSX,2026-09-12,f8801a3b6fbf2f52d2b49a3492b786dede44afb55dfd24ed44d65b2857b2491a,Archivo original sin modificar
c2022_jujuy_vivienda_c3_10,INDEC,Censo Nacional 2022,tipo de vivienda,https://www.indec.gob.ar/ftp/cuadros/poblacion/c2022_jujuy_vivienda_c3_10.xlsx,2022,departamento/partido/comuna,según cuadro oficial y diccionario de variables,XLSX,2026-09-12,6c16d1ce82e86bdd7b180225c66bc95bbd949cf737f9ea7e84a77c76c444ebf2,Archivo original sin modificar
c2022_lapampa_educacion_c1_11,INDEC,Censo Nacional 2022,asistencia escolar,https://www.indec.gob.ar/ftp/cuadros/poblacion/c2022_lapampa_educacion_c1_11.xlsx,2022,departamento/partido/comuna,según cuadro oficial y diccionario de variables,XLSX,2026-09-12,cbdb8e43364e8bdb3057a4e32287f64efd39c632a2e3f9a6899acf9a9debef86,Archivo original sin modificar
c2022_lapampa_hogares_c2_11,INDEC,Censo Nacional 2022,agua,https://www.indec.gob.ar/ftp/cuadros/poblacion/c2022_lapampa_hogares_c2_11.xlsx,2022,departamento/partido/comuna,según cuadro oficial y diccionario de variables,XLSX,2026-09-12,87284370be141ad429205a9e2c4d3f042b04c1c0f57f067fe15be2c555b9dae8,Archivo original sin modificar
c2022_lapampa_hogares_c3_11,INDEC,Censo Nacional 2022,saneamiento,https://www.indec.gob.ar/ftp/cuadros/poblacion/c2022_lapampa_hogares_c3_11.xlsx,2022,departamento/partido/comuna,según cuadro oficial y diccionario de variables,XLSX,2026-09-12,34e5ff56a6a5cf9a4e2fe7748667a9413a4a3bdc526fede5d3c69ab9c3b987bd,Archivo original sin modificar
c2022_lapampa_hogares_c7_11,INDEC,Censo Nacional 2022,internet y computadora,https://www.indec.gob.ar/ftp/cuadros/poblacion/c2022_lapampa_hogares_c7_11.xlsx,2022,departamento/partido/comuna,según cuadro oficial y diccionario de variables,XLSX,2026-09-12,7eaa2ed38d73cd32d1a5c9731110c5af4a21987ccae9c4f471e6b5e000383ea1,Archivo original sin modificar
c2022_lapampa_vivienda_c3_11,INDEC,Censo Nacional 2022,tipo de vivienda,https://www.indec.gob.ar/ftp/cuadros/poblacion/c2022_lapampa_vivienda_c3_11.xlsx,2022,departamento/partido/comuna,según cuadro oficial y diccionario de variables,XLSX,2026-09-12,4f41f75ca3fbf5b3b884a57f26390f669621cab5a6e9252565f3ec7c591705da,Archivo original sin modificar
c2022_larioja_educacion_c1_12,INDEC,Censo Nacional 2022,asistencia escolar,https://www.indec.gob.ar/ftp/cuadros/poblacion/c2022_larioja_educacion_c1_12.xlsx,2022,departamento/partido/comuna,según cuadro oficial y diccionario de variables,XLSX,2026-09-12,be65102bc108ce4e1f93b3be497a8c954a62e6bc3c969e751095c9d5c6c10ff7,Archivo original sin modificar
c2022_larioja_hogares_c2_12,INDEC,Censo Nacional 2022,agua,https://www.indec.gob.ar/ftp/cuadros/poblacion/c2022_larioja_hogares_c2_12.xlsx,2022,departamento/partido/comuna,según cuadro oficial y diccionario de variables,XLSX,2026-09-12,5db289fa76e95d54e7119e3c9712a8b838b9e1f26a244a56c41db6a60d3976f9,Archivo original sin modificar
c2022_larioja_hogares_c3_12,INDEC,Censo Nacional 2022,saneamiento,https://www.indec.gob.ar/ftp/cuadros/poblacion/c2022_larioja_hogares_c3_12.xlsx,2022,departamento/partido/comuna,según cuadro oficial y diccionario de variables,XLSX,2026-09-12,bb3f47fc8ff4457cc0da9f6fe56397dcbf02e58550df425a53eda7637c49d9c5,Archivo original sin modificar
c2022_larioja_hogares_c7_12,INDEC,Censo Nacional 2022,internet y computadora,https://www.indec.gob.ar/ftp/cuadros/poblacion/c2022_larioja_hogares_c7_12.xlsx,2022,departamento/partido/comuna,según cuadro oficial y diccionario de variables,XLSX,2026-09-12,0f7e2949137c13c40e496938c4cd5bc4526f856f5379b1722ca1c770eecb08e8,Archivo original sin modificar
c2022_larioja_vivienda_c3_12,INDEC,Censo Nacional 2022,tipo de vivienda,https://www.indec.gob.ar/ftp/cuadros/poblacion/c2022_larioja_vivienda_c3_12.xlsx,2022,departamento/partido/comuna,según cuadro oficial y diccionario de variables,XLSX,2026-09-12,a12018a3cef89a0b5fea7d9c8398822f52fe682ba5e45829f6902cb5568240d3,Archivo original sin modificar
c2022_mendoza_educacion_c1_13,INDEC,Censo Nacional 2022,asistencia escolar,https://www.indec.gob.ar/ftp/cuadros/poblacion/c2022_mendoza_educacion_c1_13.xlsx,2022,departamento/partido/comuna,según cuadro oficial y diccionario de variables,XLSX,2026-09-12,d1dc5a0fe352a302ed7445d253f4c54dd77d9ac01a14eb2981b7e96f3bb9ab12,Archivo original sin modificar
c2022_mendoza_hogares_c2_13,INDEC,Censo Nacional 2022,agua,https://www.indec.gob.ar/ftp/cuadros/poblacion/c2022_mendoza_hogares_c2_13.xlsx,2022,departamento/partido/comuna,según cuadro oficial y diccionario de variables,XLSX,2026-09-12,df941af5a51433de10ddc8e39bb9fcbadeac1ced557679b4da2418fb75629955,Archivo original sin modificar
c2022_mendoza_hogares_c3_13,INDEC,Censo Nacional 2022,saneamiento,https://www.indec.gob.ar/ftp/cuadros/poblacion/c2022_mendoza_hogares_c3_13.xlsx,2022,departamento/partido/comuna,según cuadro oficial y diccionario de variables,XLSX,2026-09-12,5fc2057a706d257ec8058cde85993edfb1088ae326c6a15e7426ba4dde4af32a,Archivo original sin modificar
c2022_mendoza_hogares_c7_13,INDEC,Censo Nacional 2022,internet y computadora,https://www.indec.gob.ar/ftp/cuadros/poblacion/c2022_mendoza_hogares_c7_13.xlsx,2022,departamento/partido/comuna,según cuadro oficial y diccionario de variables,XLSX,2026-09-12,c51f2d3bc14a6b3d809d7c6ba9f48a3a665649921d5bf5523c373a26955ca2b8,Archivo original sin modificar
c2022_mendoza_vivienda_c3_13,INDEC,Censo Nacional 2022,tipo de vivienda,https://www.indec.gob.ar/ftp/cuadros/poblacion/c2022_mendoza_vivienda_c3_13.xlsx,2022,departamento/partido/comuna,según cuadro oficial y diccionario de variables,XLSX,2026-09-12,07cb3c2c6e219267310c9de203cc9916aa064fc4a2e5fd09f7d4452874baa64d,Archivo original sin modificar
c2022_misiones_educacion_c1_14,INDEC,Censo Nacional 2022,asistencia escolar,https://www.indec.gob.ar/ftp/cuadros/poblacion/c2022_misiones_educacion_c1_14.xlsx,2022,departamento/partido/comuna,según cuadro oficial y diccionario de variables,XLSX,2026-09-12,99b1e98d81252a8d817256ae07f29ee22aa4d7572a195732f1e8f63f1e63c553,Archivo original sin modificar
c2022_misiones_hogares_c2_14,INDEC,Censo Nacional 2022,agua,https://www.indec.gob.ar/ftp/cuadros/poblacion/c2022_misiones_hogares_c2_14.xlsx,2022,departamento/partido/comuna,según cuadro oficial y diccionario de variables,XLSX,2026-09-12,3c5f55a1c9b446d93318b6446771c393adf46850053c377357b2331aca3f886a,Archivo original sin modificar
c2022_misiones_hogares_c3_14,INDEC,Censo Nacional 2022,saneamiento,https://www.indec.gob.ar/ftp/cuadros/poblacion/c2022_misiones_hogares_c3_14.xlsx,2022,departamento/partido/comuna,según cuadro oficial y diccionario de variables,XLSX,2026-09-12,4275e3e38286faccbe2e4fa36ab71b15b087a6f51e54802ba2a605d5d0dfe9aa,Archivo original sin modificar
c2022_misiones_hogares_c7_14,INDEC,Censo Nacional 2022,internet y computadora,https://www.indec.gob.ar/ftp/cuadros/poblacion/c2022_misiones_hogares_c7_14.xlsx,2022,departamento/partido/comuna,según cuadro oficial y diccionario de variables,XLSX,2026-09-12,324e33a5791107ccc4f8ca01f6da16100c677afb1b5d36802229332d0ff2452a,Archivo original sin modificar
c2022_misiones_vivienda_c3_14,INDEC,Censo Nacional 2022,tipo de vivienda,https://www.indec.gob.ar/ftp/cuadros/poblacion/c2022_misiones_vivienda_c3_14.xlsx,2022,departamento/partido/comuna,según cuadro oficial y diccionario de variables,XLSX,2026-09-12,069ef56e9d6ffb913453a52e1c8612e88abc1645a367d48a8b4fd3c86168d88c,Archivo original sin modificar
c2022_neuquen_educacion_c1_15,INDEC,Censo Nacional 2022,asistencia escolar,https://www.indec.gob.ar/ftp/cuadros/poblacion/c2022_neuquen_educacion_c1_15.xlsx,2022,departamento/partido/comuna,según cuadro oficial y diccionario de variables,XLSX,2026-09-12,24172aa07a28120b39e7c6444fd868f2199f932e22bac08cbe6575cd193b5093,Archivo original sin modificar
c2022_neuquen_hogares_c2_15,INDEC,Censo Nacional 2022,agua,https://www.indec.gob.ar/ftp/cuadros/poblacion/c2022_neuquen_hogares_c2_15.xlsx,2022,departamento/partido/comuna,según cuadro oficial y diccionario de variables,XLSX,2026-09-12,d7ecae3c327a09cf745131f1314950cb05c42cc2795bacfa961f81ebb5bd12f2,Archivo original sin modificar
c2022_neuquen_hogares_c3_15,INDEC,Censo Nacional 2022,saneamiento,https://www.indec.gob.ar/ftp/cuadros/poblacion/c2022_neuquen_hogares_c3_15.xlsx,2022,departamento/partido/comuna,según cuadro oficial y diccionario de variables,XLSX,2026-09-12,6026f265e5b130331c04ec350a9161ae69704765b24b7caa06980d8e70ba4bad,Archivo original sin modificar
c2022_neuquen_hogares_c7_15,INDEC,Censo Nacional 2022,internet y computadora,https://www.indec.gob.ar/ftp/cuadros/poblacion/c2022_neuquen_hogares_c7_15.xlsx,2022,departamento/partido/comuna,según cuadro oficial y diccionario de variables,XLSX,2026-09-12,0e044aa06d1317b04ac2497f0b66384613886449a8e75d93b1dfbb09a1868c6f,Archivo original sin modificar
c2022_neuquen_vivienda_c3_15,INDEC,Censo Nacional 2022,tipo de vivienda,https://www.indec.gob.ar/ftp/cuadros/poblacion/c2022_neuquen_vivienda_c3_15.xlsx,2022,departamento/partido/comuna,según cuadro oficial y diccionario de variables,XLSX,2026-09-12,86a5313170ac1abab18220a138ecb224c51340dd36a97ee8a6eec02da978a49f,Archivo original sin modificar
c2022_rionegro_educacion_c1_16,INDEC,Censo Nacional 2022,asistencia escolar,https://www.indec.gob.ar/ftp/cuadros/poblacion/c2022_rionegro_educacion_c1_16.xlsx,2022,departamento/partido/comuna,según cuadro oficial y diccionario de variables,XLSX,2026-09-12,d70af3596845ca3634fec10bc4235d44471603b8cca8336064f0a3548eedb2e9,Archivo original sin modificar
c2022_rionegro_hogares_c2_16,INDEC,Censo Nacional 2022,agua,https://www.indec.gob.ar/ftp/cuadros/poblacion/c2022_rionegro_hogares_c2_16.xlsx,2022,departamento/partido/comuna,según cuadro oficial y diccionario de variables,XLSX,2026-09-12,4ad66123140c4d1cc791f1e807bf42ff9a7a6420cac997b81623dba69181a03e,Archivo original sin modificar
c2022_rionegro_hogares_c3_16,INDEC,Censo Nacional 2022,saneamiento,https://www.indec.gob.ar/ftp/cuadros/poblacion/c2022_rionegro_hogares_c3_16.xlsx,2022,departamento/partido/comuna,según cuadro oficial y diccionario de variables,XLSX,2026-09-12,5f11ac56b03970dab5314134c8c8da18a87cd62c74632e087ad87dd8ce386ad5,Archivo original sin modificar
c2022_rionegro_hogares_c7_16,INDEC,Censo Nacional 2022,internet y computadora,https://www.indec.gob.ar/ftp/cuadros/poblacion/c2022_rionegro_hogares_c7_16.xlsx,2022,departamento/partido/comuna,según cuadro oficial y diccionario de variables,XLSX,2026-09-12,438dce4cbb531bb4927011adcca75010468b5cebfb170037a0b66d8219fd3fdb,Archivo original sin modificar
c2022_rionegro_vivienda_c3_16,INDEC,Censo Nacional 2022,tipo de vivienda,https://www.indec.gob.ar/ftp/cuadros/poblacion/c2022_rionegro_vivienda_c3_16.xlsx,2022,departamento/partido/comuna,según cuadro oficial y diccionario de variables,XLSX,2026-09-12,665c53d11fe3e46105f069ff9f3f4e744e6087fb8451990580d2525073dc3500,Archivo original sin modificar
c2022_salta_educacion_c1_17,INDEC,Censo Nacional 2022,asistencia escolar,https://www.indec.gob.ar/ftp/cuadros/poblacion/c2022_salta_educacion_c1_17.xlsx,2022,departamento/partido/comuna,según cuadro oficial y diccionario de variables,XLSX,2026-09-12,ac363cf95cb8f197fbb5c771ac1b58755713126f597a71a928329a9dec17e5a9,Archivo original sin modificar
c2022_salta_hogares_c2_17,INDEC,Censo Nacional 2022,agua,https://www.indec.gob.ar/ftp/cuadros/poblacion/c2022_salta_hogares_c2_17.xlsx,2022,departamento/partido/comuna,según cuadro oficial y diccionario de variables,XLSX,2026-09-12,51a2b921a13f01c34f0560188b15567af520408df1293a6f67e3d1f2508ec190,Archivo original sin modificar
c2022_salta_hogares_c3_17,INDEC,Censo Nacional 2022,saneamiento,https://www.indec.gob.ar/ftp/cuadros/poblacion/c2022_salta_hogares_c3_17.xlsx,2022,departamento/partido/comuna,según cuadro oficial y diccionario de variables,XLSX,2026-09-12,69654763d15f01bfbc8205a6ad3acce886711bf44571fc3dcb2b9bd8f1e9672e,Archivo original sin modificar
c2022_salta_hogares_c7_17,INDEC,Censo Nacional 2022,internet y computadora,https://www.indec.gob.ar/ftp/cuadros/poblacion/c2022_salta_hogares_c7_17.xlsx,2022,departamento/partido/comuna,según cuadro oficial y diccionario de variables,XLSX,2026-09-12,dbfb52347c4f67496b6942c158d50d32f83c73eb58970968a480e085b08294d9,Archivo original sin modificar
c2022_salta_vivienda_c3_17,INDEC,Censo Nacional 2022,tipo de vivienda,https://www.indec.gob.ar/ftp/cuadros/poblacion/c2022_salta_vivienda_c3_17.xlsx,2022,departamento/partido/comuna,según cuadro oficial y diccionario de variables,XLSX,2026-09-12,abdd8126aac4aa4ad147f1c642710ede674c2060aa9c8a0054eb81706064598d,Archivo original sin modificar
c2022_sanjuan_educacion_c1_18,INDEC,Censo Nacional 2022,asistencia escolar,https://www.indec.gob.ar/ftp/cuadros/poblacion/c2022_sanjuan_educacion_c1_18.xlsx,2022,departamento/partido/comuna,según cuadro oficial y diccionario de variables,XLSX,2026-09-12,7f24345d7ae0392693d9f3edeb37232422761d5405b08a03be7a85fdf57745dc,Archivo original sin modificar
c2022_sanjuan_hogares_c2_18,INDEC,Censo Nacional 2022,agua,https://www.indec.gob.ar/ftp/cuadros/poblacion/c2022_sanjuan_hogares_c2_18.xlsx,2022,departamento/partido/comuna,según cuadro oficial y diccionario de variables,XLSX,2026-09-12,411ecc9073631fc1ad7383aabfbf61bc1b51988d934e8069d4f24170274ffe61,Archivo original sin modificar
c2022_sanjuan_hogares_c3_18,INDEC,Censo Nacional 2022,saneamiento,https://www.indec.gob.ar/ftp/cuadros/poblacion/c2022_sanjuan_hogares_c3_18.xlsx,2022,departamento/partido/comuna,según cuadro oficial y diccionario de variables,XLSX,2026-09-12,70ef10527be212196e75d32917f48e6bd70682405ef9de163e5f791a38af42f0,Archivo original sin modificar
c2022_sanjuan_hogares_c7_18,INDEC,Censo Nacional 2022,internet y computadora,https://www.indec.gob.ar/ftp/cuadros/poblacion/c2022_sanjuan_hogares_c7_18.xlsx,2022,departamento/partido/comuna,según cuadro oficial y diccionario de variables,XLSX,2026-09-12,77f626142df945cca288411182add578c58f832743e2d7a3e0bd2037c92c3cee,Archivo original sin modificar
c2022_sanjuan_vivienda_c3_18,INDEC,Censo Nacional 2022,tipo de vivienda,https://www.indec.gob.ar/ftp/cuadros/poblacion/c2022_sanjuan_vivienda_c3_18.xlsx,2022,departamento/partido/comuna,según cuadro oficial y diccionario de variables,XLSX,2026-09-12,6d13b8868fe48ad959b5e8abd64b3fd9b987d32f165bb3a22d51f9e94b63f5d9,Archivo original sin modificar
c2022_sanluis_educacion_c1_19,INDEC,Censo Nacional 2022,asistencia escolar,https://www.indec.gob.ar/ftp/cuadros/poblacion/c2022_sanluis_educacion_c1_19.xlsx,2022,departamento/partido/comuna,según cuadro oficial y diccionario de variables,XLSX,2026-09-12,b778e35592a226a45a39f72f523afa0ee0f405023e530af3a53c0bc8c251a85e,Archivo original sin modificar
c2022_sanluis_hogares_c2_19,INDEC,Censo Nacional 2022,agua,https://www.indec.gob.ar/ftp/cuadros/poblacion/c2022_sanluis_hogares_c2_19.xlsx,2022,departamento/partido/comuna,según cuadro oficial y diccionario de variables,XLSX,2026-09-12,b06fc1fce91791689cb67cc22ab1979745bcf844003b0b5c4b7ae49e1682ecde,Archivo original sin modificar
c2022_sanluis_hogares_c3_19,INDEC,Censo Nacional 2022,saneamiento,https://www.indec.gob.ar/ftp/cuadros/poblacion/c2022_sanluis_hogares_c3_19.xlsx,2022,departamento/partido/comuna,según cuadro oficial y diccionario de variables,XLSX,2026-09-12,f4d8af9f094317e4dba6fcea18382f6cd89fd0847a537431be97d48c38ef556e,Archivo original sin modificar
c2022_sanluis_hogares_c7_19,INDEC,Censo Nacional 2022,internet y computadora,https://www.indec.gob.ar/ftp/cuadros/poblacion/c2022_sanluis_hogares_c7_19.xlsx,2022,departamento/partido/comuna,según cuadro oficial y diccionario de variables,XLSX,2026-09-12,2c38aaa1273316c478aa57e23e63952fe8e732b040e93c1f56ac57808e180405,Archivo original sin modificar
c2022_sanluis_vivienda_c3_19,INDEC,Censo Nacional 2022,tipo de vivienda,https://www.indec.gob.ar/ftp/cuadros/poblacion/c2022_sanluis_vivienda_c3_19.xlsx,2022,departamento/partido/comuna,según cuadro oficial y diccionario de variables,XLSX,2026-09-12,8c62b52d1c7270d36deeaf39085ee06a9c1ad873bd39be3a66627f8d674cd42a,Archivo original sin modificar
c2022_santacruz_educacion_c1_20,INDEC,Censo Nacional 2022,asistencia escolar,https://www.indec.gob.ar/ftp/cuadros/poblacion/c2022_santacruz_educacion_c1_20.xlsx,2022,departamento/partido/comuna,según cuadro oficial y diccionario de variables,XLSX,2026-09-12,5dec5e1a894d29bfd619396ba1338870f74ddd2cfc350d33967292e6d9d98e95,Archivo original sin modificar
c2022_santacruz_hogares_c2_20,INDEC,Censo Nacional 2022,agua,https://www.indec.gob.ar/ftp/cuadros/poblacion/c2022_santacruz_hogares_c2_20.xlsx,2022,departamento/partido/comuna,según cuadro oficial y diccionario de variables,XLSX,2026-09-12,a3877c173de20a6b61c57cd386946bd7091ef2bf6d817670833dee0aeb8d3cc6,Archivo original sin modificar
c2022_santacruz_hogares_c3_20,INDEC,Censo Nacional 2022,saneamiento,https://www.indec.gob.ar/ftp/cuadros/poblacion/c2022_santacruz_hogares_c3_20.xlsx,2022,departamento/partido/comuna,según cuadro oficial y diccionario de variables,XLSX,2026-09-12,2ed1c3a723ba0d079a92ae2bae588b3ec8cd81329b1fe3b7e84122e010f169b4,Archivo original sin modificar
c2022_santacruz_hogares_c7_20,INDEC,Censo Nacional 2022,internet y computadora,https://www.indec.gob.ar/ftp/cuadros/poblacion/c2022_santacruz_hogares_c7_20.xlsx,2022,departamento/partido/comuna,según cuadro oficial y diccionario de variables,XLSX,2026-09-12,ce3fd164c696d89ce9aa39e7fbb6bad3fef1c97737b6bd336105f958f004c7d2,Archivo original sin modificar
c2022_santacruz_vivienda_c3_20,INDEC,Censo Nacional 2022,tipo de vivienda,https://www.indec.gob.ar/ftp/cuadros/poblacion/c2022_santacruz_vivienda_c3_20.xlsx,2022,departamento/partido/comuna,según cuadro oficial y diccionario de variables,XLSX,2026-09-12,eb01a32568c37d3b4f1ddf2bb54a3dca8a91c9fa46f306efb1cf63c3b360d22d,Archivo original sin modificar
c2022_santafe_educacion_c1_21,INDEC,Censo Nacional 2022,asistencia escolar,https://www.indec.gob.ar/ftp/cuadros/poblacion/c2022_santafe_educacion_c1_21.xlsx,2022,departamento/partido/comuna,según cuadro oficial y diccionario de variables,XLSX,2026-09-12,15ebe0e6e0939a0b74843b19189b40752ac09f00c68696124437e0b5c5ce248e,Archivo original sin modificar
c2022_santafe_hogares_c2_21,INDEC,Censo Nacional 2022,agua,https://www.indec.gob.ar/ftp/cuadros/poblacion/c2022_santafe_hogares_c2_21.xlsx,2022,departamento/partido/comuna,según cuadro oficial y diccionario de variables,XLSX,2026-09-12,785ab8e8321e8fa06343dd0c6931ea05a85d881b3f5cb60d5019ca52cbf7cdf3,Archivo original sin modificar
c2022_santafe_hogares_c3_21,INDEC,Censo Nacional 2022,saneamiento,https://www.indec.gob.ar/ftp/cuadros/poblacion/c2022_santafe_hogares_c3_21.xlsx,2022,departamento/partido/comuna,según cuadro oficial y diccionario de variables,XLSX,2026-09-12,d0a706f74a8a82ee56ffe313cdb708268f4974f4b4250d99feb6d22bcca18841,Archivo original sin modificar
c2022_santafe_hogares_c7_21,INDEC,Censo Nacional 2022,internet y computadora,https://www.indec.gob.ar/ftp/cuadros/poblacion/c2022_santafe_hogares_c7_21.xlsx,2022,departamento/partido/comuna,según cuadro oficial y diccionario de variables,XLSX,2026-09-12,e54e7daa5a161eacf9e309fe2a71e0c14dcfd39e5c10d619ba319fbb0e74da39,Archivo original sin modificar
c2022_santafe_vivienda_c3_21,INDEC,Censo Nacional 2022,tipo de vivienda,https://www.indec.gob.ar/ftp/cuadros/poblacion/c2022_santafe_vivienda_c3_21.xlsx,2022,departamento/partido/comuna,según cuadro oficial y diccionario de variables,XLSX,2026-09-12,302eacfe0919ed70d2a3f1f2e48eef2229c6057da22d30a72a04957507fe7b0c,Archivo original sin modificar
c2022_santiago_educacion_c1_22,INDEC,Censo Nacional 2022,asistencia escolar,https://www.indec.gob.ar/ftp/cuadros/poblacion/c2022_santiago_educacion_c1_22.xlsx,2022,departamento/partido/comuna,según cuadro oficial y diccionario de variables,XLSX,2026-09-12,008327e36f58d192d8ad63d228a215154a30330b37d632e4afd22eb464070936,Archivo original sin modificar
c2022_santiago_hogares_c2_22,INDEC,Censo Nacional 2022,agua,https://www.indec.gob.ar/ftp/cuadros/poblacion/c2022_santiago_hogares_c2_22.xlsx,2022,departamento/partido/comuna,según cuadro oficial y diccionario de variables,XLSX,2026-09-12,5a6a1bb28fa7d810ae035b834eed49596a7cb3318f2a5e6b0cd2ce113f09ac85,Archivo original sin modificar
c2022_santiago_hogares_c3_22,INDEC,Censo Nacional 2022,saneamiento,https://www.indec.gob.ar/ftp/cuadros/poblacion/c2022_santiago_hogares_c3_22.xlsx,2022,departamento/partido/comuna,según cuadro oficial y diccionario de variables,XLSX,2026-09-12,1af852c70dfaac9b0de39a662f8eba309bec12c86e9c5b649b0bfeea0a8f9c13,Archivo original sin modificar
c2022_santiago_hogares_c7_22,INDEC,Censo Nacional 2022,internet y computadora,https://www.indec.gob.ar/ftp/cuadros/poblacion/c2022_santiago_hogares_c7_22.xlsx,2022,departamento/partido/comuna,según cuadro oficial y diccionario de variables,XLSX,2026-09-12,8f8f9f2a798aa50faa50ce812f6b4199f74dd88ee7b453291ba8eb1e874ac397,Archivo original sin modificar
c2022_santiago_vivienda_c3_22,INDEC,Censo Nacional 2022,tipo de vivienda,https://www.indec.gob.ar/ftp/cuadros/poblacion/c2022_santiago_vivienda_c3_22.xlsx,2022,departamento/partido/comuna,según cuadro oficial y diccionario de variables,XLSX,2026-09-12,c613d3653b9d2dd5f036c4e489a011733c9801cd90994400589c98d2faac24c2,Archivo original sin modificar
c2022_tdf_educacion_c1_23,INDEC,Censo Nacional 2022,asistencia escolar,https://www.indec.gob.ar/ftp/cuadros/poblacion/c2022_tdf_educacion_c1_23.xlsx,2022,departamento/partido/comuna,según cuadro oficial y diccionario de variables,XLSX,2026-09-12,7533ab70e06eef74691230559e862cc02731a0a4d43356ac63daaa95cbc7cd11,Archivo original sin modificar
c2022_tdf_hogares_c2_23,INDEC,Censo Nacional 2022,agua,https://www.indec.gob.ar/ftp/cuadros/poblacion/c2022_tdf_hogares_c2_23.xlsx,2022,departamento/partido/comuna,según cuadro oficial y diccionario de variables,XLSX,2026-09-12,59cd590c0913046f8a35030e331291d772406de2d0c542198dbb6fddfc85d0e1,Archivo original sin modificar
c2022_tdf_hogares_c3_23,INDEC,Censo Nacional 2022,saneamiento,https://www.indec.gob.ar/ftp/cuadros/poblacion/c2022_tdf_hogares_c3_23.xlsx,2022,departamento/partido/comuna,según cuadro oficial y diccionario de variables,XLSX,2026-09-12,d76f201e15802b292c7063c54a40daf3d9734e4a2db05e78641581fa9b5620b7,Archivo original sin modificar
c2022_tdf_hogares_c7_23,INDEC,Censo Nacional 2022,internet y computadora,https://www.indec.gob.ar/ftp/cuadros/poblacion/c2022_tdf_hogares_c7_23.xlsx,2022,departamento/partido/comuna,según cuadro oficial y diccionario de variables,XLSX,2026-09-12,b374266e3eacb30e23be9d12bda4a3117a0474ced007ebb8a2dc36157986c361,Archivo original sin modificar
c2022_tdf_vivienda_c3_23,INDEC,Censo Nacional 2022,tipo de vivienda,https://www.indec.gob.ar/ftp/cuadros/poblacion/c2022_tdf_vivienda_c3_23.xlsx,2022,departamento/partido/comuna,según cuadro oficial y diccionario de variables,XLSX,2026-09-12,c12040cdb6023ce171f4800e980ff77584dbb3cdeeaecc72ec96262360815ee9,Archivo original sin modificar
c2022_tucuman_educacion_c1_24,INDEC,Censo Nacional 2022,asistencia escolar,https://www.indec.gob.ar/ftp/cuadros/poblacion/c2022_tucuman_educacion_c1_24.xlsx,2022,departamento/partido/comuna,según cuadro oficial y diccionario de variables,XLSX,2026-09-12,295530117f3714d05e3176530d156e8c5acde496dabaef8a1f3124c0d3cb4c4d,Archivo original sin modificar
c2022_tucuman_hogares_c2_24,INDEC,Censo Nacional 2022,agua,https://www.indec.gob.ar/ftp/cuadros/poblacion/c2022_tucuman_hogares_c2_24.xlsx,2022,departamento/partido/comuna,según cuadro oficial y diccionario de variables,XLSX,2026-09-12,e39853159483693f76d58e6e1e4939e32059f8648485f17c8f2315a7e29bd178,Archivo original sin modificar
c2022_tucuman_hogares_c3_24,INDEC,Censo Nacional 2022,saneamiento,https://www.indec.gob.ar/ftp/cuadros/poblacion/c2022_tucuman_hogares_c3_24.xlsx,2022,departamento/partido/comuna,según cuadro oficial y diccionario de variables,XLSX,2026-09-12,da4d42eb4351db7ee2ac41d357a1e07f7c116cef1f487364fce7703d02d40692,Archivo original sin modificar
c2022_tucuman_hogares_c7_24,INDEC,Censo Nacional 2022,internet y computadora,https://www.indec.gob.ar/ftp/cuadros/poblacion/c2022_tucuman_hogares_c7_24.xlsx,2022,departamento/partido/comuna,según cuadro oficial y diccionario de variables,XLSX,2026-09-12,8af7fb4f911f90c86cfaf310538e97def16b0cf608513e4f7998fa5cffdc1e4d,Archivo original sin modificar
c2022_tucuman_vivienda_c3_24,INDEC,Censo Nacional 2022,tipo de vivienda,https://www.indec.gob.ar/ftp/cuadros/poblacion/c2022_tucuman_vivienda_c3_24.xlsx,2022,departamento/partido/comuna,según cuadro oficial y diccionario de variables,XLSX,2026-09-12,5ab7d37e5e7b3567a0e981bcb878c900230b591b67f0d3a1351a0b156ee190a9,Archivo original sin modificar
redatam_definiciones_2022,INDEC,Censo 2022 REDATAM,NBI; hacinamiento; tecnologías; asistencia,https://redatam.indec.gob.ar/redarg/CENSOS/CPV2022/Docs/Redatam_Definiciones_de_la_base_de_datos.pdf,2022,consulta hasta radio censal,hogares o personas según variable,PDF/REDATAM,2026-09-12,,Definiciones auditadas; NBI y hacinamiento no integrados
indec_nbi_2022,INDEC,Necesidades básicas insatisfechas,NBI total y componentes,https://www.indec.gob.ar/indec/web/Nivel4-Tema-4-47-156,2022,publicación estática disponible a nivel provincial,hogares,HTML/XLSX,2026-09-12,,Definición validada; sin cuadro estático departamental incorporable
