anio,dataset,nombre_original,url_oficial,archivo_local,fecha_descarga,sha256,filas,columnas,granularidad,sectores_publicados,ambitos_publicados,identificador_territorial_fuente,filas_enmascarado,filas_sin_datos,diccionario,url_diccionario
2011,caracteristicas,2011 Caracteristicas - agregada.csv,https://ministeriodeeducaciondelanacion-my.sharepoint.com/:x:/g/personal/santiago_pomeranz_educacion_gob_ar/EUGl-SCcpGxHiF2LbFU_XPcBzcdIie0h_f5stWVPJ5mnCQ?e=NtA7VR,data/raw/ra_historico/2011/caracteristicas.csv,2026-09-12,22c67719040b3c2303dc69d8a0ca9000bfeff1d466dce9038a81edb2174ca887,1191,65,provincia-departamento-sector-ámbito,Estatal;Privado,Rural;Urbano,nombres de provincia y departamento; sin códigos,72,0,Diccionario de bases RA anonimizadas.xlsx (común),https://ministeriodeeducaciondelanacion-my.sharepoint.com/:x:/g/personal/santiago_pomeranz_educacion_gob_ar/ETNQUApUc51BiLJLGAWuKtkB3PDw1t4QJZCX9d61_6D8-Q?e=hEkxgc
2011,matricula,2011 Matricula - agregada.csv,https://ministeriodeeducaciondelanacion-my.sharepoint.com/:x:/g/personal/santiago_pomeranz_educacion_gob_ar/EdPaXXgsuIZPlylrtSEGXD4Bzp9d0YxtsuONWryRiv-2Hg?e=3tPyOy,data/raw/ra_historico/2011/matricula.csv,2026-09-12,74c31d376551d8d4300b58bcd5a0edc160b2e4216600f7f6468cdc4b8257026f,1191,99,provincia-departamento-sector-ámbito,Estatal;Privado,Rural;Urbano,nombres de provincia y departamento; sin códigos,72,0,Diccionario de bases RA anonimizadas.xlsx (común),https://ministeriodeeducaciondelanacion-my.sharepoint.com/:x:/g/personal/santiago_pomeranz_educacion_gob_ar/ETNQUApUc51BiLJLGAWuKtkB3PDw1t4QJZCX9d61_6D8-Q?e=hEkxgc
2011,trayectoria,2011 Trayectoria - agregada.csv,https://ministeriodeeducaciondelanacion-my.sharepoint.com/:x:/g/personal/santiago_pomeranz_educacion_gob_ar/Edlm1ae4XrhLr3y1xI2B5EIBmNAE6_ekkNO-69JIhhCwIg?e=VDfcSs,data/raw/ra_historico/2011/trayectoria.csv,2026-09-12,ceee53b0a724bdcf51fb291a0c0af39d35141e0fe9fbf0884634098d33dec913,1192,268,provincia-departamento-sector-ámbito,Estatal;Privado,Rural;Urbano,nombres de provincia y departamento; sin códigos,72,1,Diccionario de bases RA anonimizadas.xlsx (común),https://ministeriodeeducaciondelanacion-my.sharepoint.com/:x:/g/personal/santiago_pomeranz_educacion_gob_ar/ETNQUApUc51BiLJLGAWuKtkB3PDw1t4QJZCX9d61_6D8-Q?e=hEkxgc
2012,caracteristicas,2012 Caracteristicas - agregada.csv,https://ministeriodeeducaciondelanacion-my.sharepoint.com/:x:/g/personal/santiago_pomeranz_educacion_gob_ar/EedHG9nLOjRDoIIPNx185lIBs3jUWPxw5kfZqhAc18Z7yQ?e=ynX6uM,data/raw/ra_historico/2012/caracteristicas.csv,2026-09-12,bb4b642e68ed630d4acd388450c5b65f3335aae8771e60ea0e1c254140d0c926,1193,65,provincia-departamento-sector-ámbito,Estatal;Privado,Rural;Urbano,nombres de provincia y departamento; sin códigos,65,0,Diccionario de bases RA anonimizadas.xlsx (común),https://ministeriodeeducaciondelanacion-my.sharepoint.com/:x:/g/personal/santiago_pomeranz_educacion_gob_ar/ETNQUApUc51BiLJLGAWuKtkB3PDw1t4QJZCX9d61_6D8-Q?e=hEkxgc
2012,matricula,2012 Matricula - agregada.csv,https://ministeriodeeducaciondelanacion-my.sharepoint.com/:x:/g/personal/santiago_pomeranz_educacion_gob_ar/EYeezl2NWTVGqcJJdMmcPEkBvy4yIj85S_tRQS-yukw1pg?e=3Ooa2a,data/raw/ra_historico/2012/matricula.csv,2026-09-12,663faa70114b8bdd84813e6e47ccbec4a162bfb0086945c07b1a39ddca217eb7,1193,99,provincia-departamento-sector-ámbito,Estatal;Privado,Rural;Urbano,nombres de provincia y departamento; sin códigos,65,0,Diccionario de bases RA anonimizadas.xlsx (común),https://ministeriodeeducaciondelanacion-my.sharepoint.com/:x:/g/personal/santiago_pomeranz_educacion_gob_ar/ETNQUApUc51BiLJLGAWuKtkB3PDw1t4QJZCX9d61_6D8-Q?e=hEkxgc
2012,trayectoria,2012 Trayectoria - agregada.csv,https://ministeriodeeducaciondelanacion-my.sharepoint.com/:x:/g/personal/santiago_pomeranz_educacion_gob_ar/EZR0Fn0_FWJIkq3-4VnE9zIBAk-d8XfpXkIMDGELUMhfZA?e=EnQdoc,data/raw/ra_historico/2012/trayectoria.csv,2026-09-12,8780c271325a49df71e476d9e570e89d6be17a1e32ea960f0a73ffed0bbb05b0,1191,268,provincia-departamento-sector-ámbito,Estatal;Privado,Rural;Urbano,nombres de provincia y departamento; sin códigos,64,0,Diccionario de bases RA anonimizadas.xlsx (común),https://ministeriodeeducaciondelanacion-my.sharepoint.com/:x:/g/personal/santiago_pomeranz_educacion_gob_ar/ETNQUApUc51BiLJLGAWuKtkB3PDw1t4QJZCX9d61_6D8-Q?e=hEkxgc
2013,caracteristicas,2013 Caracteristicas - agregada.csv,https://ministeriodeeducaciondelanacion-my.sharepoint.com/:x:/g/personal/santiago_pomeranz_educacion_gob_ar/EV_N3dbQqYRHjjMS891pLwoBSWxb3IV5Xx67PBc70KlK8g?e=5wVpbg,data/raw/ra_historico/2013/caracteristicas.csv,2026-09-12,dac37e8db8422cdeb7db2914ff65421a1ed9589c09548143de2a8e19192b13b1,1190,65,provincia-departamento-sector-ámbito,Estatal;Privado,Rural;Urbano,nombres de provincia y departamento; sin códigos,73,0,Diccionario de bases RA anonimizadas.xlsx (común),https://ministeriodeeducaciondelanacion-my.sharepoint.com/:x:/g/personal/santiago_pomeranz_educacion_gob_ar/ETNQUApUc51BiLJLGAWuKtkB3PDw1t4QJZCX9d61_6D8-Q?e=hEkxgc
2013,matricula,2013 Matricula - agregada.csv,https://ministeriodeeducaciondelanacion-my.sharepoint.com/:x:/g/personal/santiago_pomeranz_educacion_gob_ar/EZIoaAfQwWRAidoqHxlm2psBFcHcORAAmFIHFvtGdZpXLw?e=RJEvXm,data/raw/ra_historico/2013/matricula.csv,2026-09-12,6a970434bd3a337571ffaedabcb32be6fa37301d6930c91c85b0ea71aa2b8df6,1190,99,provincia-departamento-sector-ámbito,Estatal;Privado,Rural;Urbano,nombres de provincia y departamento; sin códigos,71,0,Diccionario de bases RA anonimizadas.xlsx (común),https://ministeriodeeducaciondelanacion-my.sharepoint.com/:x:/g/personal/santiago_pomeranz_educacion_gob_ar/ETNQUApUc51BiLJLGAWuKtkB3PDw1t4QJZCX9d61_6D8-Q?e=hEkxgc
2013,trayectoria,2013 Trayectoria - agregada.csv,https://ministeriodeeducaciondelanacion-my.sharepoint.com/:x:/g/personal/santiago_pomeranz_educacion_gob_ar/ETmY_AtWz75Fn6aCA2v-G-QB-QT0uA51fX15u1UjiB8a3w?e=4AyDeJ,data/raw/ra_historico/2013/trayectoria.csv,2026-09-12,7459627350c1fe467aac0a7d1ccc9415304aed4ef07e87f7f6286922745cc33d,1183,268,provincia-departamento-sector-ámbito,Estatal;Privado,Rural;Urbano,nombres de provincia y departamento; sin códigos,70,3,Diccionario de bases RA anonimizadas.xlsx (común),https://ministeriodeeducaciondelanacion-my.sharepoint.com/:x:/g/personal/santiago_pomeranz_educacion_gob_ar/ETNQUApUc51BiLJLGAWuKtkB3PDw1t4QJZCX9d61_6D8-Q?e=hEkxgc
2014,caracteristicas,2014 Caracteristicas - agregada.csv,https://ministeriodeeducaciondelanacion-my.sharepoint.com/:x:/g/personal/santiago_pomeranz_educacion_gob_ar/EWPuwp8anMVOvNloL3QWcB8BLdMxFBc_5lV5twe9iqm0vA?e=AKFiW5,data/raw/ra_historico/2014/caracteristicas.csv,2026-09-12,3fb41fc80aa3ba189cfe959bfcc7f02e95b7b5ca038bebc37c6a426df44054ca,1192,65,provincia-departamento-sector-ámbito,Estatal;Privado,Rural;Urbano,nombres de provincia y departamento; sin códigos,67,0,Diccionario de bases RA anonimizadas.xlsx (común),https://ministeriodeeducaciondelanacion-my.sharepoint.com/:x:/g/personal/santiago_pomeranz_educacion_gob_ar/ETNQUApUc51BiLJLGAWuKtkB3PDw1t4QJZCX9d61_6D8-Q?e=hEkxgc
2014,matricula,2014 Matricula - agregada.csv,https://ministeriodeeducaciondelanacion-my.sharepoint.com/:x:/g/personal/santiago_pomeranz_educacion_gob_ar/EXfcJeB9heFPgolUvAP-fZkBNpoAPnpWCsNwVI_6oSoYmg?e=6LWjfP,data/raw/ra_historico/2014/matricula.csv,2026-09-12,1193d3cff18b66a535e15a8550031f688a94d859889f9ba692a4a4dae6519f65,1192,99,provincia-departamento-sector-ámbito,Estatal;Privado,Rural;Urbano,nombres de provincia y departamento; sin códigos,67,0,Diccionario de bases RA anonimizadas.xlsx (común),https://ministeriodeeducaciondelanacion-my.sharepoint.com/:x:/g/personal/santiago_pomeranz_educacion_gob_ar/ETNQUApUc51BiLJLGAWuKtkB3PDw1t4QJZCX9d61_6D8-Q?e=hEkxgc
2014,trayectoria,2014 Trayectoria - agregada.csv,https://ministeriodeeducaciondelanacion-my.sharepoint.com/:x:/g/personal/santiago_pomeranz_educacion_gob_ar/ER1mpYefFNJIl7_zTx6SsgABxO2uiGGCMyoA-XUF37g09Q?e=3FemOp,data/raw/ra_historico/2014/trayectoria.csv,2026-09-12,0a8540a7330b951e59a669f883d7920ffc23852786c41e6d6e221f985853d084,1183,268,provincia-departamento-sector-ámbito,Estatal;Privado,Rural;Urbano,nombres de provincia y departamento; sin códigos,66,0,Diccionario de bases RA anonimizadas.xlsx (común),https://ministeriodeeducaciondelanacion-my.sharepoint.com/:x:/g/personal/santiago_pomeranz_educacion_gob_ar/ETNQUApUc51BiLJLGAWuKtkB3PDw1t4QJZCX9d61_6D8-Q?e=hEkxgc
2015,caracteristicas,2015 Caracteristicas - agregada.csv,https://ministeriodeeducaciondelanacion-my.sharepoint.com/:x:/g/personal/santiago_pomeranz_educacion_gob_ar/EcPQ2gY3z4lDvdJyhUT5LAgBBXXdRVZyCfe5VR4X-6-HMg?e=JoOVGH,data/raw/ra_historico/2015/caracteristicas.csv,2026-09-12,83d3928ad2d2786c8090f9d0c9a6c34b50e4e0c063b8122cad6d2daa7218d65f,1193,65,provincia-departamento-sector-ámbito,Estatal;Privado,Rural;Urbano,nombres de provincia y departamento; sin códigos,67,0,Diccionario de bases RA anonimizadas.xlsx (común),https://ministeriodeeducaciondelanacion-my.sharepoint.com/:x:/g/personal/santiago_pomeranz_educacion_gob_ar/ETNQUApUc51BiLJLGAWuKtkB3PDw1t4QJZCX9d61_6D8-Q?e=hEkxgc
2015,matricula,2015 Matricula - agregada.csv,https://ministeriodeeducaciondelanacion-my.sharepoint.com/:x:/g/personal/santiago_pomeranz_educacion_gob_ar/Eao7n6eVbJhDh8MjzmS5n7UBWxqKckcTbj2mCGxOHcCVAQ?e=YS8jEP,data/raw/ra_historico/2015/matricula.csv,2026-09-12,69e3339be2a468b2101cd6f55e991e37424405a77e65dfbbba61b1483fc5f08c,1193,99,provincia-departamento-sector-ámbito,Estatal;Privado,Rural;Urbano,nombres de provincia y departamento; sin códigos,67,0,Diccionario de bases RA anonimizadas.xlsx (común),https://ministeriodeeducaciondelanacion-my.sharepoint.com/:x:/g/personal/santiago_pomeranz_educacion_gob_ar/ETNQUApUc51BiLJLGAWuKtkB3PDw1t4QJZCX9d61_6D8-Q?e=hEkxgc
2015,trayectoria,2015 Trayectoria - agregada.csv,https://ministeriodeeducaciondelanacion-my.sharepoint.com/:x:/g/personal/santiago_pomeranz_educacion_gob_ar/EadV5hUa_JtIiDb7ay2keOgBhKjo2HDpqSFPv0BEGS2TnQ?e=sq3EaE,data/raw/ra_historico/2015/trayectoria.csv,2026-09-12,ccc067c6975afff0e36c54b186691206588dbbed96ea5fe72d7c39e16c272ae7,1185,268,provincia-departamento-sector-ámbito,Estatal;Privado,Rural;Urbano,nombres de provincia y departamento; sin códigos,66,0,Diccionario de bases RA anonimizadas.xlsx (común),https://ministeriodeeducaciondelanacion-my.sharepoint.com/:x:/g/personal/santiago_pomeranz_educacion_gob_ar/ETNQUApUc51BiLJLGAWuKtkB3PDw1t4QJZCX9d61_6D8-Q?e=hEkxgc
2016,caracteristicas,2016 Caracteristicas - agregada.csv,https://ministeriodeeducaciondelanacion-my.sharepoint.com/:x:/g/personal/santiago_pomeranz_educacion_gob_ar/ETr96zQPLvNIihuoqn3zgUABUzBAHEJZhMwHV1cCQZMR6w?e=y7miW2,data/raw/ra_historico/2016/caracteristicas.csv,2026-09-12,b7659eb7eeb41003bf1536d0b171f30d021c04b5555fddc86e96012fbdbda24a,1197,65,provincia-departamento-sector-ámbito,Estatal;Privado,Rural;Urbano,nombres de provincia y departamento; sin códigos,67,0,Diccionario de bases RA anonimizadas.xlsx (común),https://ministeriodeeducaciondelanacion-my.sharepoint.com/:x:/g/personal/santiago_pomeranz_educacion_gob_ar/ETNQUApUc51BiLJLGAWuKtkB3PDw1t4QJZCX9d61_6D8-Q?e=hEkxgc
2016,matricula,2016 Matricula - agregada.csv,https://ministeriodeeducaciondelanacion-my.sharepoint.com/:x:/g/personal/santiago_pomeranz_educacion_gob_ar/EcQUZgDXOuFMlySj5WIN_0kBW9woqbR4Ayv263XBSZ0Ykw?e=WCCu21,data/raw/ra_historico/2016/matricula.csv,2026-09-12,c493c1cbf9f6206c031001535de6a701702bbef48d23ba7a488575f0fa01581f,1197,99,provincia-departamento-sector-ámbito,Estatal;Privado,Rural;Urbano,nombres de provincia y departamento; sin códigos,67,0,Diccionario de bases RA anonimizadas.xlsx (común),https://ministeriodeeducaciondelanacion-my.sharepoint.com/:x:/g/personal/santiago_pomeranz_educacion_gob_ar/ETNQUApUc51BiLJLGAWuKtkB3PDw1t4QJZCX9d61_6D8-Q?e=hEkxgc
2016,trayectoria,2016 Trayectoria - agregada.csv,https://ministeriodeeducaciondelanacion-my.sharepoint.com/:x:/g/personal/santiago_pomeranz_educacion_gob_ar/EchF1T6oxOhDqLJi1OiG644B8Vn-hAkXFbXGt9LNSb-kbg?e=SlEgeU,data/raw/ra_historico/2016/trayectoria.csv,2026-09-12,1e55806d02a649048a4b2e4f0ca85d053ef749eb0329b896be9d04b1f6e87b95,1189,268,provincia-departamento-sector-ámbito,Estatal;Privado,Rural;Urbano,nombres de provincia y departamento; sin códigos,66,0,Diccionario de bases RA anonimizadas.xlsx (común),https://ministeriodeeducaciondelanacion-my.sharepoint.com/:x:/g/personal/santiago_pomeranz_educacion_gob_ar/ETNQUApUc51BiLJLGAWuKtkB3PDw1t4QJZCX9d61_6D8-Q?e=hEkxgc
2017,caracteristicas,2017 Caracteristicas - agregada.csv,https://ministeriodeeducaciondelanacion-my.sharepoint.com/:x:/g/personal/santiago_pomeranz_educacion_gob_ar/ERLKU9M9SExFu8DUWvVoKAIBRkpQhh6QndqnQlovCwfq3Q?e=bed6FH,data/raw/ra_historico/2017/caracteristicas.csv,2026-09-12,4b456616f2467b17e392917eb17212ce2bdfb49ff13eba4e06bc9cbdfaa00b11,1196,65,provincia-departamento-sector-ámbito,Estatal;Privado,Rural;Urbano,nombres de provincia y departamento; sin códigos,66,0,Diccionario de bases RA anonimizadas.xlsx (común),https://ministeriodeeducaciondelanacion-my.sharepoint.com/:x:/g/personal/santiago_pomeranz_educacion_gob_ar/ETNQUApUc51BiLJLGAWuKtkB3PDw1t4QJZCX9d61_6D8-Q?e=hEkxgc
2017,matricula,2017 Matricula - agregada.csv,https://ministeriodeeducaciondelanacion-my.sharepoint.com/:x:/g/personal/santiago_pomeranz_educacion_gob_ar/EStVPagmVZxEs0zNzl8p6SUBtEeTSLrPKmlAg4o5zhVTCw?e=Ysct8h,data/raw/ra_historico/2017/matricula.csv,2026-09-12,93f4537f70a953588c49c1fd6d3eecfe54ef618f0e5a3499d1c1332c2cf55344,1196,99,provincia-departamento-sector-ámbito,Estatal;Privado,Rural;Urbano,nombres de provincia y departamento; sin códigos,66,0,Diccionario de bases RA anonimizadas.xlsx (común),https://ministeriodeeducaciondelanacion-my.sharepoint.com/:x:/g/personal/santiago_pomeranz_educacion_gob_ar/ETNQUApUc51BiLJLGAWuKtkB3PDw1t4QJZCX9d61_6D8-Q?e=hEkxgc
2017,trayectoria,2017 Trayectoria - agregada.csv,https://ministeriodeeducaciondelanacion-my.sharepoint.com/:x:/g/personal/santiago_pomeranz_educacion_gob_ar/EWmtnfySnvpKtiAmrgm0CZQBwNzztR6Rg-z8dtc8gk80oQ?e=zLfegc,data/raw/ra_historico/2017/trayectoria.csv,2026-09-12,3890bb3ee88d5ff0d1d20bbc20c44e25838be8541db9201e3637095affe790b5,1185,268,provincia-departamento-sector-ámbito,Estatal;Privado,Rural;Urbano,nombres de provincia y departamento; sin códigos,64,0,Diccionario de bases RA anonimizadas.xlsx (común),https://ministeriodeeducaciondelanacion-my.sharepoint.com/:x:/g/personal/santiago_pomeranz_educacion_gob_ar/ETNQUApUc51BiLJLGAWuKtkB3PDw1t4QJZCX9d61_6D8-Q?e=hEkxgc
2018,caracteristicas,2018 Caracteristicas - agregada.csv,https://ministeriodeeducaciondelanacion-my.sharepoint.com/:x:/g/personal/santiago_pomeranz_educacion_gob_ar/EaVSwLOKtTZDlciTXjbO16wBL0dULYTmWaG2bxEk-kU66g?e=XQMjaa,data/raw/ra_historico/2018/caracteristicas.csv,2026-09-12,182f709892db04c799292aa3c9319e1958510340b22f75867db156fe4d75f49e,1200,65,provincia-departamento-sector-ámbito,Estatal;Privado,Rural;Urbano,nombres de provincia y departamento; sin códigos,67,0,Diccionario de bases RA anonimizadas.xlsx (común),https://ministeriodeeducaciondelanacion-my.sharepoint.com/:x:/g/personal/santiago_pomeranz_educacion_gob_ar/ETNQUApUc51BiLJLGAWuKtkB3PDw1t4QJZCX9d61_6D8-Q?e=hEkxgc
2018,matricula,2018 Matricula - agregada.csv,https://ministeriodeeducaciondelanacion-my.sharepoint.com/:x:/g/personal/santiago_pomeranz_educacion_gob_ar/EbHmExT6G_BBhZbCyN5VgeEB7PzvN8TYJ1PDpIu6itH1kQ?e=Q4W9SV,data/raw/ra_historico/2018/matricula.csv,2026-09-12,e7b55a87fb193a33de5b2457650842756a5148aa0f3e1961be271a26cca0291c,1200,99,provincia-departamento-sector-ámbito,Estatal;Privado,Rural;Urbano,nombres de provincia y departamento; sin códigos,67,0,Diccionario de bases RA anonimizadas.xlsx (común),https://ministeriodeeducaciondelanacion-my.sharepoint.com/:x:/g/personal/santiago_pomeranz_educacion_gob_ar/ETNQUApUc51BiLJLGAWuKtkB3PDw1t4QJZCX9d61_6D8-Q?e=hEkxgc
2018,trayectoria,2018 Trayectoria - agregada.csv,https://ministeriodeeducaciondelanacion-my.sharepoint.com/:x:/g/personal/santiago_pomeranz_educacion_gob_ar/EcDSXdE9wnZJmggiHVV7zyYBP2EIt1eojSB2qTbOLFioCA?e=H5b4vi,data/raw/ra_historico/2018/trayectoria.csv,2026-09-12,96c440c5a8a45f560c0607be2d98c0db5fd06daed24b149c129a5c95202e1f99,1190,268,provincia-departamento-sector-ámbito,Estatal;Privado,Rural;Urbano,nombres de provincia y departamento; sin códigos,66,0,Diccionario de bases RA anonimizadas.xlsx (común),https://ministeriodeeducaciondelanacion-my.sharepoint.com/:x:/g/personal/santiago_pomeranz_educacion_gob_ar/ETNQUApUc51BiLJLGAWuKtkB3PDw1t4QJZCX9d61_6D8-Q?e=hEkxgc
2019,caracteristicas,2019 Caracteristicas - agregada.csv,https://ministeriodeeducaciondelanacion-my.sharepoint.com/:x:/g/personal/santiago_pomeranz_educacion_gob_ar/EZ0LA7Uovi9BpC-rtgGmm0YBuyg52WfiGaujTZ3DsviGpQ?e=8z7KSX,data/raw/ra_historico/2019/caracteristicas.csv,2026-09-12,131d1fe2cbd78ca1daef815d59f59fd50881802ad2d358c619cd4751f90d9f09,1202,65,provincia-departamento-sector-ámbito,Estatal;Privado,Rural;Urbano,nombres de provincia y departamento; sin códigos,67,0,Diccionario de bases RA anonimizadas.xlsx (común),https://ministeriodeeducaciondelanacion-my.sharepoint.com/:x:/g/personal/santiago_pomeranz_educacion_gob_ar/ETNQUApUc51BiLJLGAWuKtkB3PDw1t4QJZCX9d61_6D8-Q?e=hEkxgc
2019,matricula,2019 Matricula - agregada.csv,https://ministeriodeeducaciondelanacion-my.sharepoint.com/:x:/g/personal/santiago_pomeranz_educacion_gob_ar/EViAJm34IVFGhMgqRXId_ToByPXa3QzPo00BVTQ3qxD7Lg?e=2tRz7x,data/raw/ra_historico/2019/matricula.csv,2026-09-12,22b7734aa9e9c106e0be3d9435eacd35f8075f41c110bd57d3c026e694929378,1202,99,provincia-departamento-sector-ámbito,Estatal;Privado,Rural;Urbano,nombres de provincia y departamento; sin códigos,67,0,Diccionario de bases RA anonimizadas.xlsx (común),https://ministeriodeeducaciondelanacion-my.sharepoint.com/:x:/g/personal/santiago_pomeranz_educacion_gob_ar/ETNQUApUc51BiLJLGAWuKtkB3PDw1t4QJZCX9d61_6D8-Q?e=hEkxgc
2019,trayectoria,2019 Trayectoria - agregada.csv,https://ministeriodeeducaciondelanacion-my.sharepoint.com/:x:/g/personal/santiago_pomeranz_educacion_gob_ar/EXijBtL_28VEsgxlPgD_MSMBs6mvngsgxX5Yb0pRfZGs5w?e=UW0dLB,data/raw/ra_historico/2019/trayectoria.csv,2026-09-12,d987c0e95cd1d1069ca791272d5b80a3b7e1b3d749c1cdbe944977364bf7d256,1193,268,provincia-departamento-sector-ámbito,Estatal;Privado,Rural;Urbano,nombres de provincia y departamento; sin códigos,66,0,Diccionario de bases RA anonimizadas.xlsx (común),https://ministeriodeeducaciondelanacion-my.sharepoint.com/:x:/g/personal/santiago_pomeranz_educacion_gob_ar/ETNQUApUc51BiLJLGAWuKtkB3PDw1t4QJZCX9d61_6D8-Q?e=hEkxgc
2020,caracteristicas,2020 Caracteristicas - agregada.csv,https://ministeriodeeducaciondelanacion-my.sharepoint.com/:x:/g/personal/santiago_pomeranz_educacion_gob_ar/EYkK93DoqVFCn3LsFMUiiOUBEogzmFI33nhRhyNHKBvsww?e=AAD50d,data/raw/ra_historico/2020/caracteristicas.csv,2026-09-12,552d4a357e7584aa5fb66ee3219e5bc102c8d561ec1a0cebd20ff0bf176191b1,1204,65,provincia-departamento-sector-ámbito,Estatal;Privado,Rural;Urbano,nombres de provincia y departamento; sin códigos,68,0,Diccionario de bases RA anonimizadas.xlsx (común),https://ministeriodeeducaciondelanacion-my.sharepoint.com/:x:/g/personal/santiago_pomeranz_educacion_gob_ar/ETNQUApUc51BiLJLGAWuKtkB3PDw1t4QJZCX9d61_6D8-Q?e=hEkxgc
2020,matricula,2020 Matricula - agregada.csv,https://ministeriodeeducaciondelanacion-my.sharepoint.com/:x:/g/personal/santiago_pomeranz_educacion_gob_ar/EXGq4bAi8nZHnrbIc6ZOdI8BdXR6BGXh1_VZcRS12aPy_Q?e=u5mCtO,data/raw/ra_historico/2020/matricula.csv,2026-09-12,f1e14674a549adedae8a4b5fd4d36ff0c7f4a18b271b7da9e0652866fe9c4717,1204,99,provincia-departamento-sector-ámbito,Estatal;Privado,Rural;Urbano,nombres de provincia y departamento; sin códigos,68,0,Diccionario de bases RA anonimizadas.xlsx (común),https://ministeriodeeducaciondelanacion-my.sharepoint.com/:x:/g/personal/santiago_pomeranz_educacion_gob_ar/ETNQUApUc51BiLJLGAWuKtkB3PDw1t4QJZCX9d61_6D8-Q?e=hEkxgc
2020,trayectoria,2020 Trayectoria - agregada.csv,https://ministeriodeeducaciondelanacion-my.sharepoint.com/:x:/g/personal/santiago_pomeranz_educacion_gob_ar/EfJPvNFb6OhOlNXTcFz1T4EBRMW4N6KNgNVQP6m9WLHSNg?e=ujDSnf,data/raw/ra_historico/2020/trayectoria.csv,2026-09-12,71a307744ed2ab39b8f7ebc5e5a47cc91a30929a63c456f8e656df5e8d46a8e0,1194,268,provincia-departamento-sector-ámbito,Estatal;Privado,Rural;Urbano,nombres de provincia y departamento; sin códigos,67,0,Diccionario de bases RA anonimizadas.xlsx (común),https://ministeriodeeducaciondelanacion-my.sharepoint.com/:x:/g/personal/santiago_pomeranz_educacion_gob_ar/ETNQUApUc51BiLJLGAWuKtkB3PDw1t4QJZCX9d61_6D8-Q?e=hEkxgc
2021,caracteristicas,2021 Caracteristicas - agregada.csv,https://ministeriodeeducaciondelanacion-my.sharepoint.com/:x:/g/personal/santiago_pomeranz_educacion_gob_ar/EbOZeNJsVPJHshJD1bvrgb0B5I9S9zRrIOeqkOVFThz4hw?e=GiAa2T,data/raw/ra_historico/2021/caracteristicas.csv,2026-09-12,94b85fc6933bd100e4cd048cdc0c0ee1ee1930c7f02c781f550f064ed5e17156,1206,65,provincia-departamento-sector-ámbito,Estatal;Privado,;Rural;Urbano,nombres de provincia y departamento; sin códigos,68,0,Diccionario de bases RA anonimizadas.xlsx (común),https://ministeriodeeducaciondelanacion-my.sharepoint.com/:x:/g/personal/santiago_pomeranz_educacion_gob_ar/ETNQUApUc51BiLJLGAWuKtkB3PDw1t4QJZCX9d61_6D8-Q?e=hEkxgc
2021,matricula,2021 Matricula - agregada.csv,https://ministeriodeeducaciondelanacion-my.sharepoint.com/:x:/g/personal/santiago_pomeranz_educacion_gob_ar/ETSKiWCc-cVGv-9q3eUFcFsBljI7h1s2_9M5_5ZSEmjEqQ?e=Sur8nF,data/raw/ra_historico/2021/matricula.csv,2026-09-12,071a8e3b4cdbac4e5f82fc8b66919417b7fbdbfbbc3c1d3562036aae15bf187f,1206,99,provincia-departamento-sector-ámbito,Estatal;Privado,;Rural;Urbano,nombres de provincia y departamento; sin códigos,68,0,Diccionario de bases RA anonimizadas.xlsx (común),https://ministeriodeeducaciondelanacion-my.sharepoint.com/:x:/g/personal/santiago_pomeranz_educacion_gob_ar/ETNQUApUc51BiLJLGAWuKtkB3PDw1t4QJZCX9d61_6D8-Q?e=hEkxgc
2021,trayectoria,2021 Trayectoria - agregada.csv,https://ministeriodeeducaciondelanacion-my.sharepoint.com/:x:/g/personal/santiago_pomeranz_educacion_gob_ar/ETsJ9AJl-hFOjCFM5AcKU2wBq1wGVGRS5kDUHc36Wjy7DQ?e=65o1dJ,data/raw/ra_historico/2021/trayectoria.csv,2026-09-12,dcc6fc569ba97c11a782ef163251d8a3beee6f7b918bbf30f629552fd41ed8c4,1198,268,provincia-departamento-sector-ámbito,Estatal;Privado,;Rural;Urbano,nombres de provincia y departamento; sin códigos,68,0,Diccionario de bases RA anonimizadas.xlsx (común),https://ministeriodeeducaciondelanacion-my.sharepoint.com/:x:/g/personal/santiago_pomeranz_educacion_gob_ar/ETNQUApUc51BiLJLGAWuKtkB3PDw1t4QJZCX9d61_6D8-Q?e=hEkxgc
2022,caracteristicas,2022 Caracteristicas - agregada.csv,https://ministeriodeeducaciondelanacion-my.sharepoint.com/:x:/g/personal/santiago_pomeranz_educacion_gob_ar/EVaJ9Cm9QzdAuT-lLoykLPEBz_0k9d8kaB73xS5kd5hLIw?e=ym0ObV,data/raw/ra_historico/2022/caracteristicas.csv,2026-09-12,4ebeaaa64ff8be392dd7967a4b3c67b9bc0659dc3e51cf2bb591ca3a4a65575e,1213,65,provincia-departamento-sector-ámbito,Estatal;Privado,;Rural;Urbano,nombres de provincia y departamento; sin códigos,69,0,Diccionario de bases RA anonimizadas.xlsx (común),https://ministeriodeeducaciondelanacion-my.sharepoint.com/:x:/g/personal/santiago_pomeranz_educacion_gob_ar/ETNQUApUc51BiLJLGAWuKtkB3PDw1t4QJZCX9d61_6D8-Q?e=hEkxgc
2022,matricula,2022 Matricula - agregada.csv,https://ministeriodeeducaciondelanacion-my.sharepoint.com/:x:/g/personal/santiago_pomeranz_educacion_gob_ar/EUaVkV5ohQBKiYElrpEaD9sBU0P6aM-OvXO1hPs_2yv-Ug?e=wotAee,data/raw/ra_historico/2022/matricula.csv,2026-09-12,e08da6a0647d568abc2e293bfb8e1f9c3e47ad772caeea32035c89c61e2818df,1212,99,provincia-departamento-sector-ámbito,Estatal;Privado,Rural;Urbano,nombres de provincia y departamento; sin códigos,68,0,Diccionario de bases RA anonimizadas.xlsx (común),https://ministeriodeeducaciondelanacion-my.sharepoint.com/:x:/g/personal/santiago_pomeranz_educacion_gob_ar/ETNQUApUc51BiLJLGAWuKtkB3PDw1t4QJZCX9d61_6D8-Q?e=hEkxgc
2022,trayectoria,2022 Trayectoria - agregada.csv,https://ministeriodeeducaciondelanacion-my.sharepoint.com/:x:/g/personal/santiago_pomeranz_educacion_gob_ar/EWn8zQ7VhpNHjEQ1771owisB7gFAsgERNBxJ28VdmA5TIg?e=NFoShr,data/raw/ra_historico/2022/trayectoria.csv,2026-09-12,b6e23286c9f3e7a537004672b9a58d7dacb48655e2351d382749ad90530b7a27,1205,268,provincia-departamento-sector-ámbito,Estatal;Privado,Rural;Urbano,nombres de provincia y departamento; sin códigos,67,2,Diccionario de bases RA anonimizadas.xlsx (común),https://ministeriodeeducaciondelanacion-my.sharepoint.com/:x:/g/personal/santiago_pomeranz_educacion_gob_ar/ETNQUApUc51BiLJLGAWuKtkB3PDw1t4QJZCX9d61_6D8-Q?e=hEkxgc
2023,caracteristicas,2023 Caracteristicas - agregada.csv,https://ministeriodeeducaciondelanacion-my.sharepoint.com/:x:/g/personal/santiago_pomeranz_educacion_gob_ar/EdFfV41SZz1Hj1cQf3ks2uABtWV5JJXwQvbowN9hn6CKrw?e=biHNI5,data/raw/ra_historico/2023/caracteristicas.csv,2026-09-12,29489c60fb54b93dd4bdabf94c16c92776553cf51f578487b8a6eb9a33933ab0,1211,66,provincia-departamento-sector-ámbito,Estatal;Privado,Rural;Urbano,nombres de provincia y departamento; sin códigos,74,0,Diccionario de bases RA anonimizadas.xlsx (común),https://ministeriodeeducaciondelanacion-my.sharepoint.com/:x:/g/personal/santiago_pomeranz_educacion_gob_ar/ETNQUApUc51BiLJLGAWuKtkB3PDw1t4QJZCX9d61_6D8-Q?e=hEkxgc
2023,matricula,2023 Matricula - agregada.csv,https://ministeriodeeducaciondelanacion-my.sharepoint.com/:x:/g/personal/santiago_pomeranz_educacion_gob_ar/EcAFD5CGYOxNiMIfhMYk75QBV25YEoAVUPBfXF0McMjonQ?e=qKOAia,data/raw/ra_historico/2023/matricula.csv,2026-09-12,a8f014137e22bba49a9bfd3adfae8fcca863327b47a2cbeb25e769fa28deb583,1211,103,provincia-departamento-sector-ámbito,Estatal;Privado,Rural;Urbano,nombres de provincia y departamento; sin códigos,74,0,Diccionario de bases RA anonimizadas.xlsx (común),https://ministeriodeeducaciondelanacion-my.sharepoint.com/:x:/g/personal/santiago_pomeranz_educacion_gob_ar/ETNQUApUc51BiLJLGAWuKtkB3PDw1t4QJZCX9d61_6D8-Q?e=hEkxgc
2023,trayectoria,2023 Trayectoria - agregada.csv,https://ministeriodeeducaciondelanacion-my.sharepoint.com/:x:/g/personal/santiago_pomeranz_educacion_gob_ar/ERGwERjvGStFpoulPYlro1UBrqt9KDMubSiqk1J9jFc2gQ?e=Fwp1sG,data/raw/ra_historico/2023/trayectoria.csv,2026-09-12,8b592843a3805c87902c57ede1dd4f58d1ffbc6ce2c7e8a3a327c98043a3754b,1205,288,provincia-departamento-sector-ámbito,Estatal;Privado,Rural;Urbano,nombres de provincia y departamento; sin códigos,73,3,Diccionario de bases RA anonimizadas.xlsx (común),https://ministeriodeeducaciondelanacion-my.sharepoint.com/:x:/g/personal/santiago_pomeranz_educacion_gob_ar/ETNQUApUc51BiLJLGAWuKtkB3PDw1t4QJZCX9d61_6D8-Q?e=hEkxgc
2024,caracteristicas,2024 Caracteristicas - agregada.csv,https://ministeriodeeducaciondelanacion-my.sharepoint.com/:x:/g/personal/santiago_pomeranz_educacion_gob_ar/ETYnM6yznjhAsDGJKzosO3kBcbatxfGEaEmZ9Of1NsbyEg?e=4MRMuq,data/raw/ra_historico/2024/caracteristicas.csv,2026-09-12,29f8758ea3966a25f54ee42ee724243de8384cb987cd1208899f1559c78eb302,1216,66,provincia-departamento-sector-ámbito,Estatal;Privado,Rural;Urbano,nombres de provincia y departamento; sin códigos,66,0,Diccionario de bases RA anonimizadas.xlsx (común),https://ministeriodeeducaciondelanacion-my.sharepoint.com/:x:/g/personal/santiago_pomeranz_educacion_gob_ar/ETNQUApUc51BiLJLGAWuKtkB3PDw1t4QJZCX9d61_6D8-Q?e=hEkxgc
2024,matricula,2024 Matricula - agregada.csv,https://ministeriodeeducaciondelanacion-my.sharepoint.com/:x:/g/personal/santiago_pomeranz_educacion_gob_ar/ESkFQBp0i6xAsQxQCXUjNIkBRhMRmywRXGmK_wSLbQcaGQ?e=hMEGTx,data/raw/ra_historico/2024/matricula.csv,2026-09-12,74ffe1485fc0826a0fda458f4645748d84ed0084249541760d69e0de479db9ef,1216,104,provincia-departamento-sector-ámbito,Estatal;Privado,Rural;Urbano,nombres de provincia y departamento; sin códigos,66,0,Diccionario de bases RA anonimizadas.xlsx (común),https://ministeriodeeducaciondelanacion-my.sharepoint.com/:x:/g/personal/santiago_pomeranz_educacion_gob_ar/ETNQUApUc51BiLJLGAWuKtkB3PDw1t4QJZCX9d61_6D8-Q?e=hEkxgc
2024,trayectoria,2024 Trayectoria - agregada.csv,https://ministeriodeeducaciondelanacion-my.sharepoint.com/:x:/g/personal/santiago_pomeranz_educacion_gob_ar/Ee_8vo-EQzJJu21j8-FJpZcBxMQQueUfTSEQ7rneDDYmfA?e=kLMqEN,data/raw/ra_historico/2024/trayectoria.csv,2026-09-12,958306ecb0916e7000f9c6745f51fe685caf1603eb5bc7ecba10b2b0fe78e060,1209,288,provincia-departamento-sector-ámbito,Estatal;Privado,Rural;Urbano,nombres de provincia y departamento; sin códigos,65,2,Diccionario de bases RA anonimizadas.xlsx (común),https://ministeriodeeducaciondelanacion-my.sharepoint.com/:x:/g/personal/santiago_pomeranz_educacion_gob_ar/ETNQUApUc51BiLJLGAWuKtkB3PDw1t4QJZCX9d61_6D8-Q?e=hEkxgc
2025,caracteristicas,2025 Caracteristicas - agregada.csv,https://ministeriodeeducaciondelanacion-my.sharepoint.com/:x:/g/personal/santiago_pomeranz_educacion_gob_ar/IQAR5DtMGXufQ4GWkxAbhQbWAaMz29BSWfoNPrvTA_ppkSo?e=vLzf4X,data/raw/ra_historico/2025/caracteristicas.csv,2026-09-12,488a5ac9281a1ac63438bb172803620b6a2a1d758805f7c03f397857dbf5e8e2,1217,67,provincia-departamento-sector-ámbito,Estatal;Privado,Rural;Urbano,nombres de provincia y departamento; sin códigos,68,0,Diccionario de bases RA anonimizadas.xlsx (común),https://ministeriodeeducaciondelanacion-my.sharepoint.com/:x:/g/personal/santiago_pomeranz_educacion_gob_ar/ETNQUApUc51BiLJLGAWuKtkB3PDw1t4QJZCX9d61_6D8-Q?e=hEkxgc
2025,matricula,2025 Matricula - agregada.csv,https://ministeriodeeducaciondelanacion-my.sharepoint.com/:x:/g/personal/santiago_pomeranz_educacion_gob_ar/IQDZWBqkmmvuSasr3wVDZIhwAduAVd1G1KpOSmI4mDbbV4E?e=CLjtl2,data/raw/ra_historico/2025/matricula.csv,2026-09-12,79ce9c3f3bb5dd27fb1e6b8effb5b10ad922f82363db9dfb8c3f2d9180fd2b73,1217,103,provincia-departamento-sector-ámbito,Estatal;Privado,Rural;Urbano,nombres de provincia y departamento; sin códigos,68,0,Diccionario de bases RA anonimizadas.xlsx (común),https://ministeriodeeducaciondelanacion-my.sharepoint.com/:x:/g/personal/santiago_pomeranz_educacion_gob_ar/ETNQUApUc51BiLJLGAWuKtkB3PDw1t4QJZCX9d61_6D8-Q?e=hEkxgc
2025,trayectoria,2025 Trayectoria - agregada.csv,https://ministeriodeeducaciondelanacion-my.sharepoint.com/:x:/g/personal/santiago_pomeranz_educacion_gob_ar/IQDLGg-8IsrvQ7GjtoSuTg36AahBDzrs4gFKEDnNMjwAOUI?e=SiVssS,data/raw/ra_historico/2025/trayectoria.csv,2026-09-12,057cc32d28882a1520bb781144e771189feae8518e9afdb2f2dd059f99a1e3d9,1210,316,provincia-departamento-sector-ámbito,Estatal;Privado,Rural;Urbano,nombres de provincia y departamento; sin códigos,67,2,Diccionario de bases RA anonimizadas.xlsx (común),https://ministeriodeeducaciondelanacion-my.sharepoint.com/:x:/g/personal/santiago_pomeranz_educacion_gob_ar/ETNQUApUc51BiLJLGAWuKtkB3PDw1t4QJZCX9d61_6D8-Q?e=hEkxgc
